META,PMID,CITATION,YEAR,AgeR,AgeC,SexR,SexC,HanR,HanC,PreR,PreC,CNSR,CNSC,NeuR,NeuC,MedR,MedC,RepR,RepC,EleR,EleC,TarR,TarC,PriR,PriC,NonR,NonC,CoiR,CoiC,OriR,OriC,CurR,CurC,LocR,LocC,StiR,StiC,IntR,IntC,PulR,PulC,HotR,HotC,MEPR,MEPC,DayR,DayC,AttR,AttC,ThrR,ThrC,NumR,NumC,TesR,TesC,ConR,ConC,ISIR,ISIC,MeaR,MeaC,UncR,UncC
SNOW 2019,26003229,Bridoux et al. 2015,2015,1,NaN,1,NaN,1,NaN,NaN,NaN,1,NaN,1,NaN,1,NaN,0,NaN,1,NaN,1,NaN,0,NaN,0,NaN,1,NaN,1,NaN,1,NaN,1,NaN,1,NaN,1,NaN,0,NaN,0,NaN,0,NaN,NaN,NaN,0,NaN,1,NaN,1,NaN,NaN,NaN,NaN,NaN,NaN,NaN,1,NaN,1,NaN
SNOW 2019,20702503,Codecà et al. 2010,2010,1,NaN,1,NaN,1,NaN,NaN,NaN,0,NaN,0,NaN,0,NaN,0,NaN,1,NaN,1,NaN,0,NaN,0,NaN,1,NaN,1,NaN,1,NaN,1,NaN,1,NaN,1,NaN,1,NaN,1,NaN,0,NaN,NaN,NaN,0,NaN,1,NaN,1,NaN,1,NaN,1,NaN,1,NaN,1,NaN,1,NaN
SNOW 2019,26672995,Conte et al. 2016,2016,1,NaN,1,NaN,0,NaN,NaN,NaN,0,NaN,0,NaN,0,NaN,0,NaN,1,NaN,1,NaN,0,NaN,0,NaN,0,NaN,0,NaN,0,NaN,0,NaN,1,NaN,0,NaN,0,NaN,0,NaN,0,NaN,NaN,NaN,0,NaN,0,NaN,1,NaN,NaN,NaN,NaN,NaN,NaN,NaN,1,NaN,1,NaN
SNOW 2019,18854915,Cucurachi et al. 2008,2008,1,NaN,1,NaN,0,NaN,NaN,NaN,1,NaN,1,NaN,0,NaN,0,NaN,1,NaN,1,NaN,0,NaN,0,NaN,1,NaN,1,NaN,1,NaN,1,NaN,1,NaN,1,NaN,0,NaN,0,NaN,1,NaN,NaN,NaN,0,NaN,1,NaN,1,NaN,1,NaN,1,NaN,1,NaN,1,NaN,1,NaN
SNOW 2019,9398981,Facchetti et al. 1997,1997,0,NaN,0,NaN,0,NaN,NaN,NaN,0,NaN,0,NaN,0,NaN,0,NaN,1,NaN,1,NaN,0,NaN,0,NaN,0,NaN,0,NaN,0,NaN,0,NaN,1,NaN,1,NaN,0,NaN,0,NaN,0,NaN,NaN,NaN,0,NaN,0,NaN,0,NaN,NaN,NaN,NaN,NaN,NaN,NaN,1,NaN,0,NaN
SNOW 2019,22705226,Firmin et al. 2012,2012,0,NaN,0,NaN,0,NaN,NaN,NaN,0,NaN,0,NaN,0,NaN,0,NaN,1,NaN,0,NaN,0,NaN,0,NaN,0,NaN,0,NaN,0,NaN,0,NaN,1,NaN,0,NaN,0,NaN,0,NaN,0,NaN,NaN,NaN,0,NaN,0,NaN,1,NaN,NaN,NaN,NaN,NaN,NaN,NaN,1,NaN,0,NaN
SNOW 2019,10378743,Ho et al. 1999,1999,1,NaN,1,NaN,1,NaN,NaN,NaN,0,NaN,0,NaN,1,NaN,0,NaN,1,NaN,1,NaN,0,NaN,0,NaN,1,NaN,1,NaN,1,NaN,1,NaN,1,NaN,1,NaN,0,NaN,1,NaN,0,NaN,NaN,NaN,0,NaN,1,NaN,1,NaN,1,NaN,1,NaN,1,NaN,1,NaN,0,NaN
SNOW 2019,27974394,Hulst et al. 2017,2017,1,NaN,1,NaN,1,NaN,NaN,NaN,1,NaN,0,NaN,0,NaN,0,NaN,0,NaN,0,NaN,0,NaN,0,NaN,1,NaN,0,NaN,0,NaN,1,NaN,1,NaN,1,NaN,1,NaN,0,NaN,0,NaN,NaN,NaN,0,NaN,1,NaN,0,NaN,NaN,NaN,NaN,NaN,NaN,NaN,1,NaN,0,NaN
SNOW 2019,2837538,Ingram et al. 1988,1988,1,NaN,1,NaN,0,NaN,NaN,NaN,0,NaN,0,NaN,1,NaN,0,NaN,0,NaN,1,NaN,0,NaN,0,NaN,1,NaN,1,NaN,1,NaN,1,NaN,0,NaN,0,NaN,0,NaN,1,NaN,0,NaN,NaN,NaN,0,NaN,0,NaN,1,NaN,NaN,NaN,NaN,NaN,NaN,NaN,1,NaN,0,NaN
SNOW 2019,19825276,Kale et al. 2010,2010,1,NaN,1,NaN,0,NaN,NaN,NaN,0,NaN,0,NaN,1,NaN,0,NaN,1,NaN,1,NaN,0,NaN,0,NaN,0,NaN,1,NaN,1,NaN,0,NaN,1,NaN,1,NaN,0,NaN,1,NaN,0,NaN,NaN,NaN,0,NaN,1,NaN,1,NaN,NaN,NaN,NaN,NaN,NaN,NaN,1,NaN,1,NaN
SNOW 2019,17080438,Lenzi et al. 2007,2007,1,NaN,1,NaN,1,NaN,NaN,NaN,1,NaN,0,NaN,1,NaN,0,NaN,1,NaN,1,NaN,0,NaN,0,NaN,0,NaN,1,NaN,1,NaN,1,NaN,1,NaN,1,NaN,0,NaN,1,NaN,1,NaN,NaN,NaN,0,NaN,1,NaN,1,NaN,NaN,NaN,NaN,NaN,NaN,NaN,1,NaN,1,NaN
SNOW 2019,15957514,Liepert et al. 2005,2005,1,NaN,1,NaN,0,NaN,NaN,NaN,1,NaN,0,NaN,1,NaN,0,NaN,0,NaN,1,NaN,0,NaN,0,NaN,0,NaN,0,NaN,0,NaN,1,NaN,1,NaN,1,NaN,0,NaN,1,NaN,0,NaN,NaN,NaN,0,NaN,1,NaN,1,NaN,1,NaN,1,NaN,1,NaN,1,NaN,1,NaN
SNOW 2019,22606347,Llufriu et al. 2012,2012,1,NaN,1,NaN,0,NaN,NaN,NaN,0,NaN,0,NaN,0,NaN,0,NaN,1,NaN,1,NaN,0,NaN,0,NaN,0,NaN,0,NaN,0,NaN,0,NaN,1,NaN,1,NaN,0,NaN,0,NaN,0,NaN,NaN,NaN,0,NaN,1,NaN,1,NaN,NaN,NaN,NaN,NaN,NaN,NaN,1,NaN,0,NaN
SNOW 2019,20859746,Morgante et al. 2011,2011,1,NaN,1,NaN,0,NaN,NaN,NaN,1,NaN,0,NaN,0,NaN,0,NaN,1,NaN,1,NaN,1,NaN,1,NaN,1,NaN,1,NaN,1,NaN,1,NaN,1,NaN,1,NaN,1,NaN,1,NaN,1,NaN,NaN,NaN,0,NaN,1,NaN,1,NaN,1,NaN,1,NaN,1,NaN,1,NaN,1,NaN
SNOW 2019,26394909,Nantes et al. 2016a,2016,1,NaN,1,NaN,1,NaN,NaN,NaN,1,NaN,0,NaN,1,NaN,0,NaN,1,NaN,1,NaN,0,NaN,1,NaN,1,NaN,1,NaN,0,NaN,1,NaN,1,NaN,1,NaN,0,NaN,1,NaN,0,NaN,NaN,NaN,0,NaN,1,NaN,1,NaN,1,NaN,1,NaN,1,NaN,1,NaN,1,NaN
SNOW 2019,27053387,Nantes et al. 2016b,2016,1,NaN,1,NaN,1,NaN,NaN,NaN,1,NaN,0,NaN,1,NaN,0,NaN,1,NaN,1,NaN,0,NaN,1,NaN,1,NaN,1,NaN,0,NaN,1,NaN,1,NaN,1,NaN,0,NaN,1,NaN,0,NaN,NaN,NaN,0,NaN,1,NaN,1,NaN,1,NaN,1,NaN,1,NaN,1,NaN,1,NaN
SNOW 2019,26467603,Neva et al. 2016,2016,1,NaN,1,NaN,0,NaN,NaN,NaN,0,NaN,0,NaN,0,NaN,0,NaN,1,NaN,0,NaN,1,NaN,0,NaN,1,NaN,0,NaN,0,NaN,1,NaN,1,NaN,1,NaN,0,NaN,1,NaN,1,NaN,NaN,NaN,0,NaN,1,NaN,1,NaN,1,NaN,1,NaN,1,NaN,1,NaN,1,NaN
SNOW 2019,15294215,Perretti et al. 2004,2004,1,NaN,1,NaN,0,NaN,NaN,NaN,0,NaN,0,NaN,1,NaN,0,NaN,1,NaN,1,NaN,0,NaN,0,NaN,1,NaN,1,NaN,0,NaN,1,NaN,1,NaN,1,NaN,0,NaN,1,NaN,1,NaN,NaN,NaN,0,NaN,1,NaN,1,NaN,NaN,NaN,NaN,NaN,NaN,NaN,1,NaN,1,NaN
SNOW 2019,1580815,Sandroni et al. 1992,1992,1,NaN,0,NaN,0,NaN,NaN,NaN,1,NaN,0,NaN,1,NaN,0,NaN,1,NaN,1,NaN,0,NaN,0,NaN,1,NaN,0,NaN,0,NaN,0,NaN,1,NaN,0,NaN,0,NaN,0,NaN,0,NaN,NaN,NaN,0,NaN,0,NaN,0,NaN,NaN,NaN,NaN,NaN,NaN,NaN,1,NaN,0,NaN
SNOW 2019,26236509,Santarnecchi et al. 2015,2015,1,NaN,1,NaN,1,NaN,NaN,NaN,0,NaN,0,NaN,0,NaN,0,NaN,1,NaN,1,NaN,0,NaN,0,NaN,1,NaN,1,NaN,0,NaN,1,NaN,1,NaN,1,NaN,0,NaN,1,NaN,1,NaN,NaN,NaN,0,NaN,1,NaN,1,NaN,NaN,NaN,NaN,NaN,NaN,NaN,1,NaN,0,NaN
SNOW 2019,22354741,Scheidegger et al. 2012,2012,1,NaN,1,NaN,0,NaN,NaN,NaN,0,NaN,1,NaN,1,NaN,0,NaN,1,NaN,1,NaN,0,NaN,0,NaN,1,NaN,1,NaN,0,NaN,1,NaN,1,NaN,0,NaN,0,NaN,1,NaN,0,NaN,NaN,NaN,0,NaN,1,NaN,1,NaN,NaN,NaN,NaN,NaN,NaN,NaN,1,NaN,0,NaN
SNOW 2019,12391350,Schmierer et al. 2002,2002,1,NaN,1,NaN,0,NaN,NaN,NaN,0,NaN,0,NaN,0,NaN,0,NaN,1,NaN,1,NaN,1,NaN,0,NaN,1,NaN,0,NaN,1,NaN,1,NaN,1,NaN,1,NaN,0,NaN,0,NaN,1,NaN,NaN,NaN,0,NaN,1,NaN,1,NaN,NaN,NaN,NaN,NaN,NaN,NaN,1,NaN,0,NaN
SNOW 2019,12691802,Tataroglu et al. 2003,2003,1,NaN,1,NaN,0,NaN,NaN,NaN,0,NaN,0,NaN,1,NaN,0,NaN,1,NaN,1,NaN,0,NaN,0,NaN,0,NaN,0,NaN,0,NaN,1,NaN,1,NaN,1,NaN,0,NaN,0,NaN,0,NaN,NaN,NaN,0,NaN,0,NaN,1,NaN,NaN,NaN,NaN,NaN,NaN,NaN,1,NaN,0,NaN
SNOW 2019,15198449,Tataroglu et al. 2004,2004,1,NaN,1,NaN,0,NaN,NaN,NaN,0,NaN,0,NaN,1,NaN,0,NaN,1,NaN,1,NaN,0,NaN,0,NaN,1,NaN,1,NaN,1,NaN,1,NaN,1,NaN,0,NaN,0,NaN,0,NaN,0,NaN,NaN,NaN,0,NaN,0,NaN,1,NaN,NaN,NaN,NaN,NaN,NaN,NaN,1,NaN,0,NaN
SNOW 2019,21965421,Vucic et al. 2012,2012,1,NaN,1,NaN,0,NaN,NaN,NaN,0,NaN,0,NaN,0,NaN,0,NaN,1,NaN,0,NaN,0,NaN,0,NaN,1,NaN,0,NaN,0,NaN,0,NaN,1,NaN,1,NaN,0,NaN,0,NaN,1,NaN,NaN,NaN,0,NaN,1,NaN,0,NaN,1,NaN,1,NaN,1,NaN,1,NaN,1,NaN
SNOW 2019,21495114,Wahl et al. 2011,2011,1,NaN,1,NaN,1,NaN,NaN,NaN,1,NaN,0,NaN,0,NaN,0,NaN,1,NaN,1,NaN,0,NaN,0,NaN,1,NaN,1,NaN,1,NaN,0,NaN,1,NaN,1,NaN,1,NaN,1,NaN,1,NaN,NaN,NaN,0,NaN,1,NaN,1,NaN,1,NaN,1,NaN,1,NaN,1,NaN,1,NaN
SNOW 2019,23599395,White et al. 2013,2013,1,NaN,1,NaN,1,NaN,NaN,NaN,0,NaN,0,NaN,1,NaN,0,NaN,1,NaN,1,NaN,0,NaN,0,NaN,1,NaN,0,NaN,0,NaN,1,NaN,1,NaN,1,NaN,0,NaN,1,NaN,1,NaN,NaN,NaN,0,NaN,1,NaN,1,NaN,NaN,NaN,NaN,NaN,NaN,NaN,1,NaN,1,NaN
SNOW 2019,20194911,Zeller et al. 2010,2010,1,NaN,1,NaN,1,NaN,NaN,NaN,1,NaN,0,NaN,1,NaN,0,NaN,1,NaN,1,NaN,0,NaN,0,NaN,0,NaN,1,NaN,0,NaN,0,NaN,1,NaN,1,NaN,0,NaN,0,NaN,0,NaN,NaN,NaN,0,NaN,0,NaN,1,NaN,NaN,NaN,NaN,NaN,NaN,NaN,1,NaN,1,NaN
SNOW 2019,22974055,Zeller et al. 2012,2012,1,NaN,1,NaN,1,NaN,NaN,NaN,1,NaN,0,NaN,1,NaN,0,NaN,1,NaN,1,NaN,0,NaN,0,NaN,0,NaN,1,NaN,0,NaN,1,NaN,1,NaN,1,NaN,1,NaN,1,NaN,1,NaN,NaN,NaN,0,NaN,1,NaN,1,NaN,NaN,NaN,NaN,NaN,NaN,NaN,1,NaN,1,NaN
SNOW 2019,29937712,Zipser et al. 2018,2018,1,NaN,1,NaN,1,NaN,NaN,NaN,1,NaN,1,NaN,1,NaN,0,NaN,1,NaN,1,NaN,1,NaN,0,NaN,1,NaN,1,NaN,0,NaN,1,NaN,1,NaN,1,NaN,1,NaN,1,NaN,0,NaN,NaN,NaN,1,NaN,1,NaN,1,NaN,NaN,NaN,NaN,NaN,NaN,NaN,1,NaN,1,NaN
SIOW 2019,3039071,Thompson,1987,1,NaN,1,NaN,0,NaN,0,NaN,0,NaN,NaN,NaN,0,NaN,NaN,NaN,1,NaN,1,NaN,0,NaN,1,NaN,1,NaN,0,NaN,0,NaN,1,NaN,1,NaN,1,NaN,1,NaN,0,NaN,0,NaN,NaN,NaN,0,NaN,0,NaN,0,NaN,NaN,NaN,NaN,NaN,NaN,NaN,1,NaN,1,NaN
SIOW 2019,2375632,Claus,1990,1,NaN,1,NaN,0,NaN,0,NaN,0,NaN,NaN,NaN,1,NaN,NaN,NaN,1,NaN,1,NaN,0,NaN,0,NaN,1,NaN,1,NaN,0,NaN,1,NaN,1,NaN,1,NaN,0,NaN,0,NaN,0,NaN,NaN,NaN,0,NaN,0,NaN,1,NaN,NaN,NaN,NaN,NaN,NaN,NaN,0,NaN,0,NaN
SIOW 2019,1783925,Pelosi,1991,1,NaN,1,NaN,0,NaN,0,NaN,0,NaN,NaN,NaN,0,NaN,NaN,NaN,1,NaN,1,NaN,0,NaN,0,NaN,1,NaN,1,NaN,1,NaN,1,NaN,1,NaN,1,NaN,0,NaN,1,NaN,0,NaN,NaN,NaN,0,NaN,0,NaN,0,NaN,NaN,NaN,NaN,NaN,NaN,NaN,1,NaN,1,NaN
SIOW 2019,1659616,Schady,1991,1,NaN,1,NaN,0,NaN,0,NaN,0,NaN,NaN,NaN,1,NaN,NaN,NaN,1,NaN,1,NaN,0,NaN,1,NaN,1,NaN,1,NaN,0,NaN,1,NaN,1,NaN,1,NaN,0,NaN,0,NaN,0,NaN,NaN,NaN,9,NaN,0,NaN,1,NaN,NaN,NaN,NaN,NaN,NaN,NaN,0,NaN,1,NaN
SIOW 2019,8382269,Polo,1993,1,NaN,0,NaN,0,NaN,0,NaN,0,NaN,NaN,NaN,0,NaN,NaN,NaN,1,NaN,0,NaN,0,NaN,0,NaN,1,NaN,0,NaN,0,NaN,0,NaN,1,NaN,1,NaN,0,NaN,0,NaN,0,NaN,NaN,NaN,0,NaN,0,NaN,1,NaN,NaN,NaN,NaN,NaN,NaN,NaN,0,NaN,0,NaN
SIOW 2019,18638918,Sue,1997,1,NaN,1,NaN,0,NaN,0,NaN,0,NaN,NaN,NaN,0,NaN,NaN,NaN,1,NaN,1,NaN,0,NaN,1,NaN,1,NaN,0,NaN,0,NaN,1,NaN,1,NaN,1,NaN,0,NaN,1,NaN,0,NaN,NaN,NaN,0,NaN,0,NaN,1,NaN,NaN,NaN,NaN,NaN,NaN,NaN,0,NaN,1,NaN
SIOW 2019,9436729,Nielsen,1998,0,NaN,0,NaN,0,NaN,0,NaN,0,NaN,NaN,NaN,0,NaN,NaN,NaN,1,NaN,1,NaN,0,NaN,1,NaN,0,NaN,0,NaN,0,NaN,1,NaN,0,NaN,1,NaN,0,NaN,1,NaN,0,NaN,NaN,NaN,0,NaN,0,NaN,0,NaN,NaN,NaN,NaN,NaN,NaN,NaN,0,NaN,0,NaN
SIOW 2019,10499202,Cruz,1999,1,NaN,1,NaN,0,NaN,0,NaN,0,NaN,NaN,NaN,0,NaN,NaN,NaN,1,NaN,1,NaN,0,NaN,0,NaN,0,NaN,0,NaN,0,NaN,1,NaN,1,NaN,1,NaN,0,NaN,0,NaN,0,NaN,NaN,NaN,0,NaN,0,NaN,1,NaN,NaN,NaN,NaN,NaN,NaN,NaN,0,NaN,0,NaN
SIOW 2019,10423196,Di Lazarro,1999,0,NaN,0,NaN,0,NaN,0,NaN,0,NaN,NaN,NaN,0,NaN,NaN,NaN,1,NaN,1,NaN,0,NaN,0,NaN,1,NaN,1,NaN,1,NaN,1,NaN,1,NaN,1,NaN,0,NaN,0,NaN,0,NaN,NaN,NaN,0,NaN,0,NaN,0,NaN,NaN,NaN,NaN,NaN,NaN,NaN,0,NaN,0,NaN
SIOW 2019,12876245,Bonsch,2003,1,NaN,1,NaN,0,NaN,0,NaN,0,NaN,NaN,NaN,0,NaN,NaN,NaN,1,NaN,0,NaN,0,NaN,0,NaN,1,NaN,0,NaN,0,NaN,0,NaN,1,NaN,1,NaN,0,NaN,0,NaN,0,NaN,NaN,NaN,0,NaN,0,NaN,1,NaN,NaN,NaN,NaN,NaN,NaN,NaN,1,NaN,0,NaN
SIOW 2019,12736541,Nardone,2003,0,NaN,1,NaN,0,NaN,0,NaN,0,NaN,NaN,NaN,0,NaN,NaN,NaN,1,NaN,1,NaN,0,NaN,0,NaN,1,NaN,0,NaN,0,NaN,0,NaN,1,NaN,1,NaN,0,NaN,0,NaN,1,NaN,NaN,NaN,1,NaN,1,NaN,1,NaN,NaN,NaN,NaN,NaN,NaN,NaN,1,NaN,0,NaN
SIOW 2019,12743246,Schulte,2003,1,NaN,1,NaN,0,NaN,0,NaN,0,NaN,NaN,NaN,0,NaN,NaN,NaN,1,NaN,0,NaN,0,NaN,0,NaN,0,NaN,0,NaN,0,NaN,0,NaN,0,NaN,0,NaN,0,NaN,0,NaN,0,NaN,NaN,NaN,0,NaN,0,NaN,0,NaN,NaN,NaN,NaN,NaN,NaN,NaN,0,NaN,0,NaN
SIOW 2019,15164190,Klebe,2004,1,NaN,1,NaN,0,NaN,0,NaN,0,NaN,NaN,NaN,0,NaN,NaN,NaN,1,NaN,1,NaN,0,NaN,0,NaN,1,NaN,1,NaN,0,NaN,0,NaN,1,NaN,1,NaN,0,NaN,0,NaN,0,NaN,NaN,NaN,0,NaN,0,NaN,1,NaN,NaN,NaN,NaN,NaN,NaN,NaN,0,NaN,0,NaN
SIOW 2019,15858810,Orlacchio,2005,1,NaN,1,NaN,0,NaN,0,NaN,0,NaN,NaN,NaN,0,NaN,NaN,NaN,1,NaN,0,NaN,0,NaN,0,NaN,0,NaN,0,NaN,0,NaN,0,NaN,0,NaN,0,NaN,0,NaN,0,NaN,0,NaN,NaN,NaN,0,NaN,0,NaN,0,NaN,NaN,NaN,NaN,NaN,NaN,NaN,0,NaN,0,NaN
SIOW 2019,16102895,Winner,2006,1,NaN,1,NaN,0,NaN,1,NaN,0,NaN,NaN,NaN,0,NaN,NaN,NaN,0,NaN,0,NaN,0,NaN,0,NaN,0,NaN,0,NaN,0,NaN,0,NaN,0,NaN,0,NaN,0,NaN,0,NaN,0,NaN,NaN,NaN,0,NaN,0,NaN,0,NaN,NaN,NaN,NaN,NaN,NaN,NaN,0,NaN,1,NaN
SIOW 2019,17720546,Sartucci,2007,1,NaN,1,NaN,0,NaN,0,NaN,0,NaN,NaN,NaN,0,NaN,NaN,NaN,1,NaN,1,NaN,0,NaN,1,NaN,1,NaN,1,NaN,1,NaN,1,NaN,1,NaN,1,NaN,1,NaN,1,NaN,0,NaN,NaN,NaN,0,NaN,1,NaN,1,NaN,NaN,NaN,NaN,NaN,NaN,NaN,1,NaN,1,NaN
SIOW 2019,18401025,Orlacchio,2008,0,NaN,0,NaN,0,NaN,0,NaN,0,NaN,NaN,NaN,0,NaN,NaN,NaN,1,NaN,0,NaN,0,NaN,0,NaN,0,NaN,0,NaN,0,NaN,0,NaN,0,NaN,0,NaN,0,NaN,0,NaN,0,NaN,NaN,NaN,0,NaN,0,NaN,0,NaN,NaN,NaN,NaN,NaN,NaN,NaN,0,NaN,0,NaN
SIOW 2019,18434014,Serranova,2008,1,NaN,1,NaN,0,NaN,0,NaN,0,NaN,NaN,NaN,1,NaN,NaN,NaN,1,NaN,1,NaN,0,NaN,1,NaN,1,NaN,0,NaN,0,NaN,0,NaN,1,NaN,1,NaN,0,NaN,0,NaN,0,NaN,NaN,NaN,0,NaN,1,NaN,0,NaN,NaN,NaN,NaN,NaN,NaN,NaN,1,NaN,1,NaN
SIOW 2019,17928003,Liu,2008,1,NaN,0,NaN,0,NaN,0,NaN,0,NaN,NaN,NaN,0,NaN,NaN,NaN,1,NaN,0,NaN,0,NaN,0,NaN,0,NaN,0,NaN,0,NaN,0,NaN,0,NaN,0,NaN,0,NaN,0,NaN,0,NaN,NaN,NaN,0,NaN,0,NaN,0,NaN,NaN,NaN,NaN,NaN,NaN,NaN,0,NaN,0,NaN
SIOW 2019,19072839,Liu,2009,1,NaN,1,NaN,0,NaN,0,NaN,0,NaN,NaN,NaN,0,NaN,NaN,NaN,1,NaN,0,NaN,0,NaN,0,NaN,0,NaN,0,NaN,0,NaN,0,NaN,0,NaN,0,NaN,0,NaN,0,NaN,0,NaN,NaN,NaN,0,NaN,0,NaN,0,NaN,NaN,NaN,NaN,NaN,NaN,NaN,0,NaN,0,NaN
SIOW 2019,18855023,Schule,2009,0,NaN,0,NaN,0,NaN,0,NaN,0,NaN,NaN,NaN,0,NaN,NaN,NaN,0,NaN,0,NaN,0,NaN,0,NaN,0,NaN,0,NaN,0,NaN,0,NaN,0,NaN,0,NaN,0,NaN,0,NaN,0,NaN,NaN,NaN,0,NaN,0,NaN,0,NaN,NaN,NaN,NaN,NaN,NaN,NaN,0,NaN,0,NaN
SIOW 2019,20550563,Battini,2011,1,NaN,1,NaN,0,NaN,0,NaN,0,NaN,NaN,NaN,0,NaN,NaN,NaN,0,NaN,0,NaN,0,NaN,0,NaN,0,NaN,0,NaN,0,NaN,0,NaN,0,NaN,0,NaN,0,NaN,0,NaN,0,NaN,NaN,NaN,0,NaN,0,NaN,0,NaN,NaN,NaN,NaN,NaN,NaN,NaN,0,NaN,0,NaN
SIOW 2019,21111673,Manganelli,2011,1,NaN,1,NaN,0,NaN,0,NaN,0,NaN,NaN,NaN,0,NaN,NaN,NaN,1,NaN,0,NaN,0,NaN,0,NaN,0,NaN,0,NaN,0,NaN,0,NaN,0,NaN,0,NaN,0,NaN,0,NaN,0,NaN,NaN,NaN,0,NaN,0,NaN,0,NaN,NaN,NaN,NaN,NaN,NaN,NaN,0,NaN,0,NaN
SIOW 2019,NaN,Fisher,2013,1,NaN,1,NaN,0,NaN,0,NaN,0,NaN,NaN,NaN,0,NaN,NaN,NaN,1,NaN,1,NaN,0,NaN,0,NaN,1,NaN,1,NaN,1,NaN,1,NaN,1,NaN,1,NaN,0,NaN,1,NaN,0,NaN,NaN,NaN,0,NaN,1,NaN,1,NaN,NaN,NaN,NaN,NaN,NaN,NaN,1,NaN,0,NaN
SIOW 2019,24107482,Karle,2013,1,NaN,1,NaN,0,NaN,0,NaN,0,NaN,NaN,NaN,0,NaN,NaN,NaN,1,NaN,1,NaN,0,NaN,0,NaN,0,NaN,0,NaN,0,NaN,0,NaN,0,NaN,1,NaN,0,NaN,0,NaN,0,NaN,NaN,NaN,0,NaN,1,NaN,0,NaN,NaN,NaN,NaN,NaN,NaN,NaN,0,NaN,0,NaN
SIOW 2019,23302284,Oguz,2013,1,NaN,1,NaN,0,NaN,0,NaN,0,NaN,NaN,NaN,0,NaN,NaN,NaN,1,NaN,0,NaN,0,NaN,0,NaN,0,NaN,0,NaN,0,NaN,0,NaN,0,NaN,0,NaN,0,NaN,0,NaN,0,NaN,NaN,NaN,0,NaN,0,NaN,0,NaN,NaN,NaN,NaN,NaN,NaN,NaN,0,NaN,0,NaN
SIOW 2019,24648003,Giananneschi,2014,1,NaN,1,NaN,0,NaN,0,NaN,0,NaN,NaN,NaN,0,NaN,NaN,NaN,1,NaN,1,NaN,0,NaN,0,NaN,1,NaN,1,NaN,1,NaN,1,NaN,1,NaN,1,NaN,1,NaN,1,NaN,0,NaN,NaN,NaN,0,NaN,1,NaN,1,NaN,NaN,NaN,NaN,NaN,NaN,NaN,1,NaN,1,NaN
SIOW 2019,24117163,Roos,2014,1,NaN,1,NaN,0,NaN,0,NaN,0,NaN,NaN,NaN,0,NaN,NaN,NaN,0,NaN,0,NaN,0,NaN,0,NaN,0,NaN,0,NaN,0,NaN,0,NaN,0,NaN,0,NaN,0,NaN,0,NaN,0,NaN,NaN,NaN,0,NaN,0,NaN,0,NaN,NaN,NaN,NaN,NaN,NaN,NaN,0,NaN,0,NaN
SIOW 2019,25683471,Geevasinga,2015,1,NaN,1,NaN,0,NaN,0,NaN,0,NaN,NaN,NaN,0,NaN,NaN,NaN,1,NaN,1,NaN,0,NaN,0,NaN,1,NaN,0,NaN,0,NaN,1,NaN,1,NaN,1,NaN,1,NaN,1,NaN,0,NaN,NaN,NaN,0,NaN,1,NaN,1,NaN,NaN,NaN,NaN,NaN,NaN,NaN,0,NaN,0,NaN
SIOW 2019,25695920,Rinaldi,2015,1,NaN,1,NaN,0,NaN,0,NaN,0,NaN,NaN,NaN,0,NaN,NaN,NaN,0,NaN,0,NaN,0,NaN,0,NaN,0,NaN,0,NaN,0,NaN,0,NaN,0,NaN,0,NaN,0,NaN,0,NaN,0,NaN,NaN,NaN,0,NaN,0,NaN,0,NaN,NaN,NaN,NaN,NaN,NaN,NaN,0,NaN,0,NaN
SIOW 2019,27956894,Denton,2016,1,NaN,1,NaN,0,NaN,0,NaN,0,NaN,NaN,NaN,0,NaN,NaN,NaN,1,NaN,1,NaN,1,NaN,0,NaN,1,NaN,0,NaN,1,NaN,0,NaN,1,NaN,1,NaN,0,NaN,0,NaN,0,NaN,NaN,NaN,0,NaN,1,NaN,1,NaN,NaN,NaN,NaN,NaN,NaN,NaN,0,NaN,0,NaN
SIOW 2019,27077743,Martinuzzi,2016,0,NaN,0,NaN,0,NaN,0,NaN,0,NaN,NaN,NaN,0,NaN,NaN,NaN,0,NaN,0,NaN,0,NaN,0,NaN,0,NaN,0,NaN,0,NaN,0,NaN,0,NaN,0,NaN,0,NaN,0,NaN,0,NaN,NaN,NaN,0,NaN,0,NaN,0,NaN,NaN,NaN,NaN,NaN,NaN,NaN,0,NaN,0,NaN
ALDER 2019,15975980,Stinear,2005,1,1,1,NaN,1,1,0,0,0,0,1,1,0,0,0,0,0,0,1,1,1,1,NaN,1,1,1,1,1,0,0,1,1,1,1,1,1,0,0,1,0,1,1,1,1,1,1,1,1,1,1,NaN,NaN,NaN,NaN,NaN,NaN,1,1,NaN,NaN
ALDER 2019,16887105,Prior ,2006,1,1,1,NaN,0,0,0,0,0,0,1,1,0,0,0,0,1,1,1,1,1,1,NaN,1,1,1,1,1,1,1,1,1,1,1,1,1,0,0,0,0,1,1,1,1,0,0,1,1,1,1,NaN,NaN,NaN,NaN,NaN,NaN,1,1,NaN,NaN
ALDER 2019,17459350,Jayaram ,2007,1,1,1,NaN,0,0,0,0,0,0,1,1,0,0,0,0,1,0,1,1,1,1,NaN,0,1,1,1,1,1,1,1,1,1,1,1,1,0,0,0,0,1,1,1,1,1,1,1,1,1,1,NaN,NaN,NaN,NaN,NaN,NaN,1,1,NaN,NaN
ALDER 2019,17202240,MrachazNaNKresting,2007,1,0,1,NaN,0,0,0,0,0,0,1,1,0,0,0,0,1,1,1,1,0,0,NaN,1,1,1,1,1,1,1,1,1,1,1,1,1,0,0,1,1,1,1,1,1,1,1,1,1,1,1,NaN,NaN,NaN,NaN,NaN,NaN,1,1,NaN,NaN
ALDER 2019,17537908,Roy,2007,1,0,1,NaN,0,0,0,0,0,0,0,0,0,0,0,0,1,1,1,1,1,1,NaN,1,1,1,1,1,1,1,1,1,1,1,1,NaN,0,0,1,1,1,1,1,1,0,0,1,1,1,1,1,1,1,1,1,1,1,1,1,1
ALDER 2019,22836519,KumpulaNaNinen,2012,1,1,1,NaN,0,0,0,0,0,0,0,0,0,0,0,0,1,1,1,1,0,0,NaN,1,1,1,0,0,0,0,1,1,1,1,1,1,1,1,1,1,0,0,1,1,1,1,1,1,1,1,NaN,NaN,NaN,NaN,NaN,NaN,1,1,NaN,NaN
ALDER 2019,25659758,KumpulaNaNinen,2015,1,1,1,NaN,1,0,0,0,0,0,1,1,0,0,0,1,1,1,1,1,0,0,NaN,0,1,1,1,0,1,0,0,1,1,1,1,1,1,1,1,1,1,0,1,NaN,1,1,1,1,1,1,NaN,NaN,NaN,NaN,NaN,NaN,1,1,NaN,NaN
ALDER 2019,28473764,MrachazNaNKresting,2017,1,1,1,NaN,0,1,0,0,0,0,NaN,1,0,0,0,0,0,1,1,1,0,0,NaN,0,1,1,0,1,0,1,0,0,1,1,1,1,0,1,1,1,0,1,1,1,0,1,0,1,1,1,NaN,NaN,NaN,NaN,NaN,NaN,1,1,NaN,NaN
ALDER 2019,14557574,Uy,2003,1,0,1,NaN,1,0,0,0,0,0,1,NaN,0,0,0,0,1,0,1,1,1,0,NaN,0,1,1,1,0,1,0,1,0,1,1,1,1,0,0,1,1,1,0,NaN,1,1,0,1,0,1,1,NaN,NaN,NaN,NaN,NaN,NaN,1,1,NaN,NaN
ALDER 2019,17973101,Jayaram,2008,1,1,1,NaN,0,1,0,0,0,0,NaN,1,0,0,0,0,1,0,1,1,1,1,NaN,0,1,1,1,1,1,1,1,1,1,1,1,1,0,0,1,1,1,1,1,NaN,1,1,1,1,1,1,NaN,NaN,NaN,NaN,NaN,NaN,1,1,NaN,NaN
ALDER 2019,19584748,Jayaram ,2009,1,1,1,NaN,0,0,0,0,0,0,1,NaN,0,0,0,0,1,0,1,1,1,1,NaN,1,1,1,1,1,1,1,1,1,1,1,1,1,0,0,0,1,1,1,NaN,1,0,1,1,1,1,1,NaN,NaN,NaN,NaN,NaN,NaN,1,1,NaN,NaN
ALDER 2019,21130032,Rogers,2011,1,1,1,NaN,0,0,0,0,0,0,1,1,1,0,1,0,1,1,1,1,0,1,NaN,0,1,1,0,1,0,1,1,1,1,1,1,1,1,0,0,0,0,1,NaN,NaN,1,0,1,1,1,1,NaN,NaN,NaN,NaN,NaN,NaN,1,1,NaN,NaN
GUNDUZ 2020,12951200,Schwenkreis 2003,2003,1,NaN,1,NaN,1,NaN,0,NaN,0,NaN,NA,NaN,0,NaN,0,NaN,1,NaN,0,NaN,0,NaN,0,NaN,1,NaN,1,NaN,1,NaN,0,NaN,1,NaN,1,NaN,0,NaN,1,NaN,0,NaN,1,NaN,0,NaN,1,NaN,1,NaN,NaN,NaN,NaN,NaN,NaN,NaN,1,NaN,1,NaN
GUNDUZ 2020,11880189,Irlbacher  2002,2002,1,NaN,1,NaN,1,NaN,0,NaN,0,NaN,NA,NaN,0,NaN,0,NaN,1,NaN,0,NaN,0,NaN,0,NaN,1,NaN,1,NaN,1,NaN,0,NaN,1,NaN,1,NaN,1,NaN,1,NaN,0,NaN,1,NaN,0,NaN,1,NaN,1,NaN,NaN,NaN,NaN,NaN,NaN,NaN,1,NaN,0,NaN
GUNDUZ 2020,11331390,Karl 2001,2001,1,NaN,1,NaN,1,NaN,0,NaN,0,NaN,NA,NaN,0,NaN,0,NaN,1,NaN,0,NaN,0,NaN,0,NaN,1,NaN,1,NaN,1,NaN,0,NaN,1,NaN,1,NaN,0,NaN,1,NaN,1,NaN,1,NaN,0,NaN,1,NaN,1,NaN,NaN,NaN,NaN,NaN,NaN,NaN,1,NaN,1,NaN
GUNDUZ 2020,11275535,Schwenkreis 2001,2001,1,NaN,1,NaN,1,NaN,0,NaN,0,NaN,NA,NaN,0,NaN,0,NaN,1,NaN,0,NaN,0,NaN,0,NaN,1,NaN,1,NaN,1,NaN,0,NaN,1,NaN,1,NaN,0,NaN,1,NaN,0,NaN,1,NaN,0,NaN,1,NaN,1,NaN,NaN,NaN,NaN,NaN,NaN,NaN,1,NaN,1,NaN
GUNDUZ 2020,2004259,Cohen 1991,1991,1,NaN,1,NaN,0,NaN,0,NaN,0,NaN,NA,NaN,0,NaN,0,NaN,1,NaN,0,NaN,0,NaN,0,NaN,1,NaN,1,NaN,1,NaN,0,NaN,1,NaN,1,NaN,0,NaN,1,NaN,0,NaN,1,NaN,0,NaN,1,NaN,1,NaN,NaN,NaN,NaN,NaN,NaN,NaN,1,NaN,0,NaN
GUNDUZ 2020,21391244,Gagné 2011,2011,1,NaN,1,NaN,1,NaN,1,NaN,1,NaN,NA,NaN,0,NaN,0,NaN,1,NaN,1,NaN,0,NaN,0,NaN,1,NaN,1,NaN,1,NaN,1,NaN,1,NaN,1,NaN,0,NaN,1,NaN,1,NaN,1,NaN,0,NaN,1,NaN,1,NaN,NaN,NaN,NaN,NaN,NaN,NaN,1,NaN,1,NaN
GUNDUZ 2020,11303768,Hamzei 2001,2001,1,NaN,1,NaN,0,NaN,0,NaN,0,NaN,NA,NaN,0,NaN,0,NaN,1,NaN,0,NaN,0,NaN,0,NaN,1,NaN,0,NaN,1,NaN,0,NaN,1,NaN,1,NaN,0,NaN,1,NaN,1,NaN,1,NaN,0,NaN,1,NaN,1,NaN,NaN,NaN,NaN,NaN,NaN,NaN,1,NaN,1,NaN
GUNDUZ 2020,7884476,Kew 1994,1994,1,NaN,1,NaN,1,NaN,0,NaN,0,NaN,NA,NaN,0,NaN,0,NaN,1,NaN,0,NaN,0,NaN,0,NaN,1,NaN,0,NaN,0,NaN,0,NaN,1,NaN,1,NaN,0,NaN,1,NaN,0,NaN,1,NaN,0,NaN,1,NaN,1,NaN,NaN,NaN,NaN,NaN,NaN,NaN,1,NaN,1,NaN
GUNDUZ 2020,10408544,Röricht 1999,1999,1,NaN,1,NaN,0,NaN,0,NaN,0,NaN,NA,NaN,0,NaN,0,NaN,1,NaN,0,NaN,0,NaN,0,NaN,1,NaN,1,NaN,1,NaN,0,NaN,1,NaN,1,NaN,0,NaN,1,NaN,0,NaN,1,NaN,0,NaN,1,NaN,1,NaN,NaN,NaN,NaN,NaN,NaN,NaN,1,NaN,1,NaN
GUNDUZ 2020,10218906,Dettmers 1999,1999,1,NaN,1,NaN,1,NaN,0,NaN,0,NaN,NA,NaN,1,NaN,0,NaN,1,NaN,1,NaN,0,NaN,0,NaN,1,NaN,0,NaN,1,NaN,0,NaN,1,NaN,1,NaN,0,NaN,1,NaN,0,NaN,1,NaN,0,NaN,1,NaN,1,NaN,NaN,NaN,NaN,NaN,NaN,NaN,1,NaN,1,NaN
GUNDUZ 2020,8930960,PascualNaNLeone A 1996,1996,1,NaN,1,NaN,1,NaN,1,NaN,1,NaN,NA,NaN,1,NaN,0,NaN,1,NaN,0,NaN,0,NaN,0,NaN,1,NaN,0,NaN,0,NaN,0,NaN,1,NaN,1,NaN,0,NaN,1,NaN,0,NaN,1,NaN,0,NaN,1,NaN,1,NaN,NaN,NaN,NaN,NaN,NaN,NaN,1,NaN,1,NaN
ROHEL 2021,30018018,Algoet 2018,2018,1,NaN,1,NaN,0,NaN,NaN,NaN,NaN,NaN,NaN,0,NaN,NaN,0,NaN,0,0,1,1,NaN,1,NaN,0,1,NaN,0,0,NaN,NaN,1,0,1,NaN,1,1,NaN,NaN,0,0,1,1,NaN,NaN,NaN,1,1,0,1,0,NaN,NaN,NaN,NaN,NaN,NaN,1,1,NaN,NaN
ROHEL 2021,30904520,Alhassani 2019,2019,1,NaN,1,NaN,1,NaN,NaN,NaN,NaN,NaN,NaN,1,NaN,NaN,0,NaN,1,0,0,0,NaN,0,NaN,0,1,NaN,1,0,NaN,NaN,1,0,1,NaN,1,1,NaN,NaN,0,0,1,0,NaN,NaN,NaN,1,1,1,1,0,NaN,NaN,NaN,NaN,NaN,NaN,1,1,NaN,NaN
ROHEL 2021,29853849,Billot 2018,2018,1,NaN,1,NaN,1,NaN,NaN,NaN,NaN,NaN,NaN,1,NaN,NaN,0,NaN,1,1,1,1,NaN,1,NaN,0,1,NaN,1,1,NaN,NaN,1,1,1,NaN,1,1,NaN,NaN,0,0,0,0,1,NaN,NaN,1,1,0,1,1,NaN,NaN,NaN,NaN,NaN,NaN,1,1,NaN,NaN
ROHEL 2021,26874884,Burns 2016,2016,1,NaN,1,NaN,1,NaN,NaN,NaN,NaN,NaN,NaN,0,NaN,NaN,0,NaN,1,0,0,0,NaN,0,NaN,0,1,NaN,1,1,NaN,NaN,1,1,1,NaN,1,1,NaN,NaN,1,0,0,0,1,NaN,NaN,0,0,0,1,0,NaN,NaN,NaN,NaN,NaN,NaN,1,1,NaN,NaN
ROHEL 2021,12836584,Cheong 2003,2003,1,NaN,1,NaN,1,NaN,NaN,NaN,NaN,NaN,NaN,1,NaN,NaN,0,NaN,0,0,0,0,NaN,0,NaN,0,0,NaN,0,0,NaN,NaN,0,0,1,NaN,1,0,NaN,NaN,0,0,1,0,NaN,NaN,NaN,1,0,0,1,0,NaN,NaN,NaN,NaN,NaN,NaN,0,0,NaN,NaN
ROHEL 2021,31206866,Delahunty 2019,2019,1,NaN,1,NaN,0,NaN,NaN,NaN,NaN,NaN,NaN,1,NaN,NaN,0,NaN,1,0,0,0,NaN,0,NaN,0,1,NaN,1,0,NaN,NaN,0,0,1,NaN,1,1,NaN,NaN,1,0,1,0,NaN,NaN,NaN,1,1,0,0,0,NaN,NaN,NaN,NaN,NaN,NaN,1,1,NaN,NaN
ROHEL 2021,17134682,Del Santo 2007,2007,1,NaN,1,NaN,1,NaN,NaN,NaN,NaN,NaN,NaN,0,NaN,NaN,0,NaN,0,0,0,0,NaN,0,NaN,0,1,NaN,0,0,NaN,NaN,1,0,1,NaN,1,1,NaN,NaN,1,0,1,0,1,NaN,NaN,1,0,0,1,0,NaN,NaN,NaN,NaN,NaN,NaN,1,1,NaN,NaN
ROHEL 2021,NaN,Dubé 2011,2011,1,NaN,1,NaN,1,NaN,NaN,NaN,NaN,NaN,NaN,0,NaN,NaN,0,NaN,1,0,1,1,NaN,0,NaN,1,0,NaN,0,1,NaN,NaN,1,1,0,NaN,1,1,NaN,NaN,1,0,1,1,NaN,NaN,NaN,1,1,0,1,0,NaN,NaN,NaN,NaN,NaN,NaN,1,1,NaN,NaN
ROHEL 2021,15135940,Fadiga 2004,2004,1,NaN,1,NaN,1,NaN,NaN,NaN,NaN,NaN,NaN,0,NaN,NaN,0,NaN,1,0,0,0,NaN,0,NaN,0,0,NaN,0,0,NaN,NaN,1,0,1,NaN,1,1,NaN,NaN,1,0,0,0,NaN,NaN,NaN,1,1,0,1,0,NaN,NaN,NaN,NaN,NaN,NaN,0,0,NaN,NaN
ROHEL 2021,11698155,Farina 2001,2001,1,NaN,1,NaN,0,NaN,NaN,NaN,NaN,NaN,NaN,0,NaN,NaN,0,NaN,0,0,1,0,NaN,0,NaN,0,1,NaN,1,0,NaN,NaN,1,0,1,NaN,1,1,NaN,NaN,0,0,1,1,NaN,NaN,NaN,0,1,0,1,0,NaN,NaN,NaN,NaN,NaN,NaN,1,1,NaN,NaN
ROHEL 2021,NaN,Fierro 2010,2010,1,NaN,1,NaN,0,NaN,NaN,NaN,NaN,NaN,NaN,0,NaN,NaN,0,NaN,1,0,1,0,NaN,1,NaN,0,0,NaN,0,0,NaN,NaN,1,0,1,NaN,1,1,NaN,NaN,0,0,1,0,1,NaN,NaN,1,1,0,1,0,NaN,NaN,NaN,NaN,NaN,NaN,1,1,NaN,NaN
ROHEL 2021,16328282,Halkjaer 2006,2006,1,NaN,1,NaN,1,NaN,NaN,NaN,NaN,NaN,NaN,1,NaN,NaN,0,NaN,1,0,0,0,NaN,0,NaN,0,1,NaN,1,0,NaN,NaN,1,0,1,NaN,1,1,NaN,NaN,1,0,1,1,0,NaN,NaN,0,1,0,1,0,NaN,NaN,NaN,NaN,NaN,NaN,1,1,NaN,NaN
ROHEL 2021,9751300,Kaneko 1998,1998,1,NaN,1,NaN,0,NaN,NaN,NaN,NaN,NaN,NaN,0,NaN,NaN,0,NaN,1,0,1,0,NaN,0,NaN,0,1,NaN,1,0,NaN,NaN,0,0,1,NaN,1,1,NaN,NaN,0,0,0,0,NaN,NaN,NaN,1,1,0,1,0,NaN,NaN,NaN,NaN,NaN,NaN,1,1,NaN,NaN
ROHEL 2021,9627189,Kofler 1998,1998,1,NaN,1,NaN,1,NaN,NaN,NaN,NaN,NaN,NaN,0,NaN,NaN,0,NaN,0,0,1,0,NaN,1,NaN,1,1,NaN,0,0,NaN,NaN,0,0,1,NaN,1,1,NaN,NaN,0,0,0,0,NaN,NaN,NaN,0,1,0,1,0,NaN,NaN,NaN,NaN,NaN,NaN,0,0,NaN,NaN
ROHEL 2021,11377265,Kofler 2001,2001,1,NaN,1,NaN,1,NaN,NaN,NaN,NaN,NaN,NaN,0,NaN,NaN,0,NaN,0,0,1,0,NaN,1,NaN,0,1,NaN,1,0,NaN,NaN,0,0,1,NaN,1,1,NaN,NaN,0,0,0,0,NaN,NaN,NaN,1,1,0,1,0,NaN,NaN,NaN,NaN,NaN,NaN,1,1,NaN,NaN
ROHEL 2021,18421450,Kofler  2008,2008,1,NaN,1,NaN,1,NaN,NaN,NaN,NaN,NaN,NaN,0,NaN,NaN,0,NaN,1,0,1,0,NaN,0,NaN,0,1,NaN,1,0,NaN,NaN,0,0,1,NaN,1,1,NaN,NaN,0,0,1,1,NaN,NaN,NaN,0,1,1,1,1,NaN,NaN,NaN,NaN,NaN,NaN,1,1,NaN,NaN
ROHEL 2021,29849568,Larsen 2018,2018,1,NaN,1,NaN,1,NaN,NaN,NaN,NaN,NaN,NaN,1,NaN,NaN,0,NaN,1,0,1,0,NaN,1,NaN,0,1,NaN,1,0,NaN,NaN,1,0,1,NaN,1,1,NaN,NaN,1,0,1,1,1,NaN,NaN,0,1,1,1,1,NaN,NaN,NaN,NaN,NaN,NaN,1,1,NaN,NaN
ROHEL 2021,31218369,Larsen Sep 2019,2019,1,1,1,1,1,1,NaN,NaN,NaN,NaN,NaN,1,NaN,NaN,0,0,1,0,1,0,NaN,0,NaN,0,1,NaN,1,0,NaN,NaN,1,0,1,NaN,1,1,NaN,NaN,1,0,1,0,NaN,NaN,NaN,1,1,0,1,0,NaN,NaN,NaN,NaN,NaN,NaN,1,1,NaN,NaN
ROHEL 2021,31077798,Larsen Nov 2019,2019,1,NaN,1,NaN,1,NaN,NaN,NaN,NaN,NaN,NaN,1,NaN,NaN,0,NaN,1,0,1,0,NaN,0,NaN,0,1,NaN,1,0,NaN,NaN,1,0,1,NaN,1,1,NaN,NaN,1,0,1,1,1,NaN,NaN,1,1,1,1,0,NaN,NaN,NaN,NaN,NaN,NaN,1,1,NaN,NaN
ROHEL 2021,11514246,Le Pera 2001,2001,1,NaN,1,NaN,0,NaN,NaN,NaN,NaN,NaN,NaN,1,NaN,NaN,0,NaN,1,0,1,0,NaN,1,NaN,0,0,NaN,0,0,NaN,NaN,1,0,1,NaN,1,1,NaN,NaN,0,0,1,0,1,NaN,NaN,0,1,1,1,0,NaN,NaN,NaN,NaN,NaN,NaN,1,1,NaN,NaN
ROHEL 2021,28188330,Martel 2017,2017,1,NaN,1,NaN,1,NaN,NaN,NaN,NaN,NaN,NaN,1,NaN,NaN,0,NaN,0,0,0,0,NaN,0,NaN,0,1,NaN,1,0,NaN,NaN,1,0,1,NaN,1,1,NaN,NaN,0,0,1,1,NaN,NaN,NaN,0,1,0,1,0,NaN,NaN,NaN,NaN,NaN,NaN,1,1,NaN,NaN
ROHEL 2021,17884925,Martin 2008,2008,1,NaN,1,NaN,0,NaN,NaN,NaN,NaN,NaN,NaN,0,NaN,NaN,0,NaN,0,0,1,1,NaN,0,NaN,1,1,NaN,1,0,NaN,NaN,0,0,1,NaN,1,1,NaN,NaN,0,0,1,0,1,NaN,NaN,1,0,0,1,0,NaN,NaN,NaN,NaN,NaN,NaN,1,1,NaN,NaN
ROHEL 2021,NaN,Mavromatis 2017,2017,1,1,1,1,1,1,NaN,NaN,NaN,NaN,NaN,1,NaN,NaN,0,0,1,0,0,1,NaN,0,NaN,0,1,NaN,1,1,NaN,NaN,1,1,1,NaN,1,1,NaN,NaN,1,0,0,0,NaN,NaN,NaN,0,1,0,1,0,NaN,NaN,NaN,NaN,NaN,NaN,1,1,NaN,NaN
ROHEL 2021,NaN,Mercier 2016,2016,1,NaN,1,NaN,0,NaN,NaN,NaN,NaN,NaN,NaN,1,NaN,NaN,0,NaN,1,0,1,0,NaN,1,NaN,1,1,NaN,1,1,NaN,NaN,1,1,1,NaN,1,1,NaN,NaN,1,0,0,0,NaN,NaN,NaN,0,1,0,1,0,NaN,NaN,NaN,NaN,NaN,NaN,1,1,NaN,NaN
ROHEL 2021,25260422,Naro 2015,2015,1,NaN,1,NaN,1,NaN,NaN,NaN,NaN,NaN,NaN,0,NaN,NaN,0,NaN,1,0,0,0,NaN,0,NaN,0,0,NaN,1,0,NaN,NaN,0,0,1,NaN,1,1,NaN,NaN,1,0,0,0,NaN,NaN,NaN,0,1,1,1,0,NaN,NaN,NaN,NaN,NaN,NaN,1,1,NaN,NaN
ROHEL 2021,26264180,Rice 2015,2015,1,NaN,1,NaN,0,NaN,NaN,NaN,NaN,NaN,NaN,1,NaN,NaN,0,NaN,1,1,1,0,NaN,0,NaN,1,0,NaN,0,0,NaN,NaN,1,0,1,NaN,1,1,NaN,NaN,1,0,0,0,NaN,NaN,NaN,1,1,0,1,1,NaN,NaN,NaN,NaN,NaN,NaN,1,1,NaN,NaN
ROHEL 2021,24815594,RittigNaNRassmussen 2014,2014,1,0,1,0,0,0,NaN,NaN,NaN,NaN,NaN,1,NaN,NaN,0,0,1,0,0,0,NaN,0,NaN,0,0,NaN,1,0,NaN,NaN,1,0,1,NaN,1,1,NaN,NaN,1,0,1,1,1,1,NaN,1,1,0,1,0,NaN,NaN,NaN,NaN,NaN,NaN,0,0,NaN,NaN
ROHEL 2021,11056191,Romaniello 2000,2000,1,NaN,1,NaN,0,NaN,NaN,NaN,NaN,NaN,NaN,1,NaN,NaN,0,NaN,1,0,1,1,NaN,0,NaN,0,1,NaN,1,0,NaN,NaN,1,0,1,NaN,1,1,NaN,NaN,0,0,1,1,0,NaN,NaN,1,1,0,0,0,NaN,NaN,NaN,NaN,NaN,NaN,1,1,NaN,NaN
ROHEL 2021,30919012,Salo 2019,2019,1,NaN,1,NaN,1,NaN,NaN,NaN,NaN,NaN,NaN,0,NaN,NaN,0,NaN,1,0,1,0,NaN,0,NaN,0,0,NaN,1,1,NaN,NaN,1,1,0,NaN,1,1,NaN,NaN,0,0,1,0,NaN,NaN,NaN,1,1,1,1,1,NaN,NaN,NaN,NaN,NaN,NaN,0,0,NaN,NaN
ROHEL 2021,22227117,Schabrun 2012,2012,1,NaN,1,NaN,1,NaN,NaN,NaN,NaN,NaN,NaN,1,NaN,NaN,0,NaN,1,0,0,0,NaN,1,NaN,0,1,NaN,1,0,NaN,NaN,1,0,1,NaN,1,1,NaN,NaN,1,0,0,0,NaN,NaN,NaN,1,1,0,1,1,NaN,NaN,NaN,NaN,NaN,NaN,1,1,NaN,NaN
ROHEL 2021,23357117,Schabrun 2013,2013,1,NaN,1,NaN,1,NaN,NaN,NaN,NaN,NaN,NaN,1,NaN,NaN,0,NaN,1,0,0,0,NaN,1,NaN,0,1,NaN,1,0,NaN,NaN,0,0,1,NaN,1,1,NaN,NaN,1,0,0,0,NaN,NaN,NaN,1,1,1,1,0,NaN,NaN,NaN,NaN,NaN,NaN,1,1,NaN,NaN
ROHEL 2021,26599632,Schabrun 2015,2015,1,NaN,1,NaN,1,NaN,NaN,NaN,NaN,NaN,NaN,0,NaN,NaN,0,NaN,1,0,0,0,NaN,1,NaN,0,1,NaN,1,0,NaN,NaN,0,0,1,NaN,1,1,NaN,NaN,1,0,1,0,0,NaN,NaN,1,0,0,1,0,NaN,NaN,NaN,NaN,NaN,NaN,1,1,NaN,NaN
ROHEL 2021,28525636,Schabrun 2017,2017,1,0,1,0,1,0,NaN,NaN,NaN,NaN,NaN,1,NaN,NaN,0,0,1,1,0,0,NaN,0,NaN,0,0,NaN,1,0,NaN,NaN,1,0,1,NaN,1,1,NaN,NaN,1,0,0,0,NaN,NaN,NaN,0,1,0,1,0,NaN,NaN,NaN,NaN,NaN,NaN,1,1,NaN,NaN
ROHEL 2021,22744704,Suppa 2013,2013,1,NaN,1,NaN,1,NaN,NaN,NaN,NaN,NaN,NaN,0,NaN,NaN,0,NaN,1,0,1,0,NaN,1,NaN,0,1,NaN,1,0,NaN,NaN,1,0,1,NaN,1,1,NaN,NaN,0,0,1,0,1,NaN,NaN,1,1,1,1,0,NaN,NaN,NaN,NaN,NaN,NaN,1,1,NaN,NaN
ROHEL 2021,12527318,Svensson 2003,2003,1,NaN,1,NaN,1,NaN,NaN,NaN,NaN,NaN,NaN,0,NaN,NaN,0,NaN,0,0,1,0,NaN,0,NaN,0,1,NaN,1,0,NaN,NaN,0,0,1,NaN,1,1,NaN,NaN,1,0,1,0,1,0,NaN,0,1,0,1,0,NaN,NaN,NaN,NaN,NaN,NaN,1,1,NaN,NaN
ROHEL 2021,11713634,Tamburin 2001,2001,0,NaN,1,NaN,0,NaN,NaN,NaN,NaN,NaN,NaN,0,NaN,NaN,0,NaN,1,0,1,0,NaN,0,NaN,0,1,NaN,1,0,NaN,NaN,1,0,1,NaN,1,1,NaN,NaN,1,1,0,0,0,NaN,NaN,1,1,1,1,1,NaN,NaN,NaN,NaN,NaN,NaN,1,1,NaN,NaN
ROHEL 2021,21333720,Tsao 2011,2011,1,NaN,1,NaN,0,NaN,NaN,NaN,NaN,NaN,NaN,1,NaN,NaN,1,NaN,1,1,1,1,NaN,0,NaN,1,1,NaN,1,0,NaN,NaN,0,0,1,NaN,1,0,NaN,NaN,1,1,0,0,NaN,NaN,NaN,1,0,0,1,0,NaN,NaN,NaN,NaN,NaN,NaN,1,1,NaN,NaN
ROHEL 2021,15116369,Urban 2004,2004,1,NaN,1,NaN,0,NaN,NaN,NaN,NaN,NaN,NaN,0,NaN,NaN,0,NaN,0,0,1,0,NaN,0,NaN,0,1,NaN,0,0,NaN,NaN,0,0,1,NaN,1,1,NaN,NaN,0,0,0,0,NaN,NaN,NaN,1,0,0,1,0,NaN,NaN,NaN,NaN,NaN,NaN,1,1,NaN,NaN
ROHEL 2021,10454286,Valeriani 1999,1999,1,NaN,1,NaN,1,NaN,NaN,NaN,NaN,NaN,NaN,0,NaN,NaN,0,NaN,1,0,1,0,NaN,0,NaN,0,1,NaN,0,0,NaN,NaN,0,0,1,NaN,1,1,NaN,NaN,0,0,0,0,1,NaN,NaN,0,1,1,1,0,NaN,NaN,NaN,NaN,NaN,NaN,0,0,NaN,NaN
ROHEL 2021,11497058,Valeriani 2001,2001,1,NaN,1,NaN,1,NaN,NaN,NaN,NaN,NaN,NaN,0,NaN,NaN,0,NaN,0,0,1,0,NaN,0,NaN,0,1,NaN,0,0,NaN,NaN,0,0,1,NaN,1,1,NaN,NaN,0,0,0,0,1,NaN,NaN,0,1,1,1,0,NaN,NaN,NaN,NaN,NaN,NaN,0,0,NaN,NaN
ROHEL 2021,19889035,Zhang 2010,2010,1,NaN,1,NaN,0,NaN,NaN,NaN,NaN,NaN,NaN,1,NaN,NaN,0,NaN,1,0,0,0,NaN,0,NaN,0,1,NaN,1,0,NaN,NaN,1,0,1,NaN,1,1,NaN,NaN,1,1,1,0,1,NaN,NaN,0,1,1,1,0,NaN,NaN,NaN,NaN,NaN,NaN,1,1,NaN,NaN
STANISIC 2022,29489878,Baarbe,2018,1,0,1,NaN,1,1,0,0,0,0,1,1,1,1,0,0,1,1,1,1,1,0,NaN,0,1,1,1,1,0,0,0,0,1,1,1,NaN,0,0,0,0,0,0,NaN,NaN,0,0,1,1,1,1,NaN,NaN,NaN,NaN,NaN,NaN,1,1,NaN,NaN
STANISIC 2022,17870237,Boudreau,2007,1,0,1,NaN,0,0,0,0,0,0,1,1,1,1,0,0,1,1,1,0,1,0,NaN,1,1,1,1,1,1,1,1,1,1,1,1,1,0,0,1,1,1,1,1,1,0,0,1,1,1,1,NaN,NaN,NaN,NaN,NaN,NaN,1,1,NaN,NaN
STANISIC 2022,30884779,Dancey,2019,1,0,1,NaN,1,0,0,0,0,0,1,1,1,1,0,0,1,1,1,1,1,1,NaN,1,1,1,1,1,1,1,1,1,1,1,1,1,0,0,1,1,1,1,NaN,NaN,0,0,1,1,1,1,NaN,NaN,NaN,NaN,NaN,NaN,1,1,NaN,NaN
STANISIC 2022,29803671,De Martino,2018,1,1,1,NaN,1,1,0,0,0,0,1,1,1,1,0,0,1,1,1,0,0,0,NaN,0,1,1,0,0,0,0,1,0,1,1,1,1,0,0,1,1,1,1,1,1,0,0,1,1,1,1,NaN,NaN,NaN,NaN,NaN,NaN,1,1,NaN,NaN
STANISIC 2022,30036294,De Martino,2018,1,1,1,NaN,1,1,0,0,0,0,1,1,1,1,0,0,1,1,0,1,0,1,NaN,0,1,1,1,1,1,1,1,0,1,1,1,1,0,0,1,1,1,1,1,1,0,0,1,1,1,1,NaN,NaN,NaN,NaN,NaN,NaN,1,1,NaN,NaN
STANISIC 2022,24492452,Hoeger Bement,2014,1,1,1,NaN,0,0,0,0,0,0,1,0,0,0,0,0,1,1,1,0,0,0,NaN,0,1,1,0,0,0,0,1,0,1,1,1,1,0,0,0,0,1,1,NaN,NaN,0,0,1,1,1,1,NaN,NaN,NaN,NaN,NaN,NaN,1,1,NaN,NaN
STANISIC 2022,21570881,Ingham,2011,1,1,1,NaN,0,0,0,0,0,0,0,0,1,1,0,0,1,1,1,1,1,1,NaN,1,1,1,1,1,1,1,1,1,1,1,1,1,1,1,1,1,0,0,1,1,0,0,1,1,1,1,NaN,NaN,NaN,NaN,NaN,NaN,1,1,NaN,NaN
STANISIC 2022,NaN,Masse Alaire,2014,1,1,1,NaN,1,1,0,0,1,1,1,1,1,1,0,0,1,1,1,1,1,1,NaN,0,1,1,0,1,0,0,1,1,1,1,1,1,1,1,1,1,0,0,1,1,0,0,1,1,1,1,1,1,1,1,1,1,1,1,1,1
STANISIC 2022,28850499,Masse Alaire,2016,1,1,1,NaN,0,0,0,0,1,1,1,1,1,1,0,0,1,1,1,1,1,1,NaN,0,1,1,0,1,0,0,1,1,1,1,1,1,1,1,1,1,0,0,1,1,0,0,1,1,1,1,1,1,1,1,1,1,1,1,1,1
STANISIC 2022,28165363,Mavromatis,2016,1,1,1,NaN,1,1,0,0,0,0,1,1,1,1,0,0,1,1,1,0,0,0,NaN,0,1,1,1,1,1,1,1,1,1,1,1,1,1,1,1,1,0,0,NaN,NaN,0,0,1,1,1,1,1,1,1,1,0,0,1,1,0,1
STANISIC 2022,27014012,Mendonca,2016,1,1,1,NaN,1,0,0,0,0,0,NaN,NaN,1,1,0,0,0,0,0,0,0,0,NaN,0,1,1,0,0,0,0,0,0,1,1,1,1,0,0,1,1,0,0,1,1,0,0,1,1,1,1,1,1,1,1,1,1,1,1,0,0
STANISIC 2022,27258992,Parker,2017,1,1,1,NaN,1,0,0,0,1,1,1,1,1,1,0,0,1,1,1,1,1,1,NaN,1,1,1,1,1,1,1,1,1,1,1,1,1,1,1,1,1,1,1,1,0,1,1,1,1,1,1,1,1,1,1,1,1,1,1,0,0
STANISIC 2022,24664588,RittigNaNRasmussen,2014,1,1,1,NaN,0,0,1,1,0,1,1,1,1,1,0,0,1,1,1,0,1,0,NaN,0,1,1,1,1,1,1,1,1,1,1,1,1,0,0,1,1,1,1,1,1,0,0,1,1,1,1,NaN,NaN,NaN,NaN,NaN,NaN,1,1,NaN,NaN
STANISIC 2022,24815594,RittigNaNRasmussen,2014,1,1,1,NaN,0,0,0,0,0,0,1,1,1,1,0,0,1,1,1,0,1,0,NaN,0,1,1,1,1,1,1,1,1,1,1,1,1,0,0,1,1,1,1,1,1,0,0,1,1,1,1,NaN,NaN,NaN,NaN,NaN,NaN,1,1,NaN,NaN
STANISIC 2022,21305574,Schwenkreis,2011,1,1,1,NaN,1,1,0,0,1,1,1,1,1,1,0,0,1,1,1,1,1,1,NaN,1,1,1,1,1,0,0,0,0,1,1,0,0,0,0,1,1,0,0,NaN,NaN,0,0,1,1,1,1,0,0,1,1,1,1,1,1,0,0
STANISIC 2022,20181504,Tsao,2010,1,1,1,NaN,1,1,0,0,0,0,NaN,NaN,1,1,0,0,1,1,1,1,1,1,NaN,0,1,1,1,1,1,1,1,1,1,1,1,1,0,0,0,0,1,1,1,1,0,0,0,0,1,1,NaN,NaN,NaN,NaN,NaN,NaN,1,1,NaN,NaN
STANISIC 2022,23598373,Vallence,2013,1,1,1,NaN,1,1,0,0,1,1,1,1,1,1,0,0,1,1,1,1,0,0,NaN,NaN,1,1,1,1,1,1,1,1,1,1,0,0,0,0,1,1,1,1,NaN,NaN,0,0,1,1,1,1,NaN,NaN,NaN,NaN,NaN,NaN,1,1,NaN,NaN
CHERNI 2022,29695280,Calabrò,2018,1,NaN,1,NaN,1,NaN,0,NaN,1,NaN,1,NaN,1,NaN,0,NaN,0,NaN,1,NaN,0,NaN,0,NaN,1,NaN,0,NaN,0,NaN,0,NaN,1,NaN,0,NaN,1,NaN,0,NaN,0,NaN,1,NaN,0,NaN,0,NaN,1,NaN,NaN,NaN,NaN,NaN,NaN,NaN,1,NaN,NaN,NaN
CHERNI 2022,20382280,Yang,2010,1,NaN,1,NaN,1,NaN,0,NaN,1,NaN,0,NaN,0,NaN,0,NaN,0,NaN,1,NaN,0,NaN,0,NaN,1,NaN,1,NaN,0,NaN,1,NaN,1,NaN,1,NaN,0,NaN,1,NaN,0,NaN,1,NaN,0,NaN,1,NaN,0,NaN,NaN,NaN,NaN,NaN,NaN,NaN,1,NaN,NaN,NaN
CHERNI 2022,30568009,Jayaraman,2018,1,NaN,1,NaN,1,NaN,0,NaN,1,NaN,1,NaN,1,NaN,0,NaN,1,NaN,1,NaN,1,NaN,0,NaN,1,NaN,1,NaN,1,NaN,0,NaN,1,NaN,1,NaN,0,NaN,1,NaN,1,NaN,1,NaN,0,NaN,1,NaN,1,NaN,NaN,NaN,NaN,NaN,NaN,NaN,1,NaN,NaN,NaN
CHERNI 2022,NaN,Shahine,2014,1,NaN,1,NaN,1,NaN,0,NaN,1,NaN,1,NaN,1,NaN,0,NaN,0,NaN,1,NaN,0,NaN,0,NaN,1,NaN,0,NaN,0,NaN,1,NaN,1,NaN,0,NaN,0,NaN,0,NaN,0,NaN,1,NaN,0,NaN,1,NaN,0,NaN,NaN,NaN,NaN,NaN,NaN,NaN,1,NaN,NaN,NaN
CHERNI 2022,17507641,Yen,2007,1,NaN,1,NaN,1,NaN,0,NaN,1,NaN,1,NaN,0,NaN,0,NaN,0,NaN,1,NaN,0,NaN,0,NaN,1,NaN,1,NaN,0,NaN,1,NaN,1,NaN,1,NaN,0,NaN,0,NaN,0,NaN,1,NaN,0,NaN,1,NaN,0,NaN,NaN,NaN,NaN,NaN,NaN,NaN,0,NaN,NaN,NaN
CHERNI 2022,16442977,Forrester,2006,1,NaN,1,NaN,1,NaN,0,NaN,1,NaN,1,NaN,1,NaN,0,NaN,1,NaN,1,NaN,1,NaN,0,NaN,1,NaN,1,NaN,0,NaN,1,NaN,1,NaN,1,NaN,0,NaN,0,NaN,0,NaN,1,NaN,0,NaN,1,NaN,1,NaN,NaN,NaN,NaN,NaN,NaN,NaN,1,NaN,NaN,NaN
CHERNI 2022,28339828,Palmer,2017,1,NaN,1,NaN,0,NaN,0,NaN,1,NaN,1,NaN,0,NaN,0,NaN,1,NaN,1,NaN,1,NaN,0,NaN,1,NaN,1,NaN,1,NaN,0,NaN,0,NaN,0,NaN,1,NaN,0,NaN,1,NaN,1,NaN,1,NaN,1,NaN,1,NaN,NaN,NaN,NaN,NaN,NaN,NaN,1,NaN,NaN,NaN
CHERNI 2022,31144609,Li,2019,1,NaN,1,NaN,1,NaN,0,NaN,1,NaN,1,NaN,0,NaN,0,NaN,1,NaN,0,NaN,0,NaN,0,NaN,1,NaN,0,NaN,0,NaN,1,NaN,1,NaN,1,NaN,0,NaN,1,NaN,0,NaN,1,NaN,0,NaN,1,NaN,0,NaN,NaN,NaN,NaN,NaN,NaN,NaN,1,NaN,NaN,NaN
CHERNI 2022,25736569,Chang,2015,1,NaN,1,NaN,1,NaN,0,NaN,1,NaN,1,NaN,0,NaN,0,NaN,1,NaN,0,NaN,0,NaN,0,NaN,1,NaN,0,NaN,0,NaN,1,NaN,1,NaN,1,NaN,0,NaN,1,NaN,1,NaN,1,NaN,0,NaN,1,NaN,1,NaN,NaN,NaN,NaN,NaN,NaN,NaN,1,NaN,NaN,NaN
CHERNI 2022,28800341,Seo,2017,1,NaN,1,NaN,1,NaN,0,NaN,1,NaN,1,NaN,1,NaN,0,NaN,0,NaN,1,NaN,0,NaN,0,NaN,1,NaN,0,NaN,0,NaN,0,NaN,1,NaN,0,NaN,0,NaN,1,NaN,0,NaN,1,NaN,0,NaN,0,NaN,0,NaN,NaN,NaN,NaN,NaN,NaN,NaN,1,NaN,NaN,NaN
CHERNI 2022,21974983,Wang,2011,1,NaN,1,NaN,1,NaN,0,NaN,1,NaN,1,NaN,0,NaN,0,NaN,0,NaN,1,NaN,0,NaN,0,NaN,1,NaN,1,NaN,1,NaN,1,NaN,1,NaN,1,NaN,0,NaN,0,NaN,1,NaN,1,NaN,0,NaN,1,NaN,1,NaN,NaN,NaN,NaN,NaN,NaN,NaN,1,NaN,NaN,NaN
CHERNI 2022,30586670,Wang,2018,1,NaN,1,NaN,1,NaN,0,NaN,1,NaN,1,NaN,0,NaN,0,NaN,1,NaN,1,NaN,0,NaN,0,NaN,1,NaN,0,NaN,0,NaN,0,NaN,1,NaN,1,NaN,0,NaN,1,NaN,0,NaN,1,NaN,0,NaN,1,NaN,0,NaN,NaN,NaN,NaN,NaN,NaN,NaN,1,NaN,NaN,NaN
CHERNI 2022,35337288,Wong,2022,1,NaN,1,NaN,1,NaN,0,NaN,1,NaN,1,NaN,0,NaN,0,NaN,0,NaN,1,NaN,1,NaN,0,NaN,1,NaN,1,NaN,1,NaN,1,NaN,1,NaN,1,NaN,0,NaN,0,NaN,0,NaN,1,NaN,0,NaN,0,NaN,0,NaN,NaN,NaN,NaN,NaN,NaN,NaN,1,NaN,NaN,NaN
CHERNI 2022,31500557,Koganemaru,2019,1,NaN,1,NaN,0,NaN,0,NaN,1,NaN,1,NaN,0,NaN,0,NaN,1,NaN,1,NaN,1,NaN,0,NaN,1,NaN,1,NaN,1,NaN,1,NaN,1,NaN,0,NaN,0,NaN,0,NaN,0,NaN,1,NaN,0,NaN,1,NaN,0,NaN,NaN,NaN,NaN,NaN,NaN,NaN,0,NaN,NaN,NaN
CHERNI 2022,27738524,Madhavan,2016,1,NaN,1,NaN,1,NaN,0,NaN,1,NaN,1,NaN,0,NaN,0,NaN,1,NaN,1,NaN,1,NaN,0,NaN,1,NaN,1,NaN,1,NaN,1,NaN,1,NaN,0,NaN,0,NaN,0,NaN,0,NaN,1,NaN,1,NaN,1,NaN,0,NaN,NaN,NaN,NaN,NaN,NaN,NaN,1,NaN,NaN,NaN
CHERNI 2022,29446598,Poydasheva,2016,1,NaN,0,NaN,1,NaN,0,NaN,1,NaN,0,NaN,0,NaN,0,NaN,0,NaN,0,NaN,0,NaN,0,NaN,0,NaN,0,NaN,0,NaN,1,NaN,1,NaN,0,NaN,0,NaN,0,NaN,0,NaN,1,NaN,0,NaN,0,NaN,0,NaN,NaN,NaN,NaN,NaN,NaN,NaN,0,NaN,NaN,NaN
CHERNI 2022,22906099,Krishnan,2012,1,NaN,1,NaN,1,NaN,0,NaN,1,NaN,1,NaN,0,NaN,0,NaN,1,NaN,0,NaN,0,NaN,0,NaN,1,NaN,1,NaN,0,NaN,1,NaN,1,NaN,0,NaN,0,NaN,0,NaN,0,NaN,1,NaN,0,NaN,1,NaN,1,NaN,NaN,NaN,NaN,NaN,NaN,NaN,0,NaN,NaN,NaN
CHERNI 2022,18628621,Peurala,2008,1,NaN,1,NaN,1,NaN,0,NaN,1,NaN,1,NaN,0,NaN,0,NaN,1,NaN,1,NaN,1,NaN,0,NaN,1,NaN,0,NaN,0,NaN,1,NaN,1,NaN,0,NaN,1,NaN,1,NaN,0,NaN,1,NaN,0,NaN,1,NaN,0,NaN,NaN,NaN,NaN,NaN,NaN,NaN,0,NaN,NaN,NaN
BAI 2022,16254224,Takeuchietal2005,2005,1,NaN,1,NaN,0,NaN,0,NaN,0,NaN,NaN,NaN,1,NaN,0,NaN,1,NaN,1,NaN,1,NaN,1,NaN,1,NaN,0,NaN,0,NaN,0,NaN,1,NaN,1,NaN,0,NaN,1,NaN,1,NaN,NaN,NaN,0,NaN,1,NaN,1,NaN,NaN,NaN,NaN,NaN,NaN,NaN,1,NaN,1,NaN
BAI 2022,16675743,Kimetal2006,2006,1,NaN,1,NaN,0,NaN,1,NaN,0,NaN,NaN,NaN,1,NaN,0,NaN,1,NaN,1,NaN,1,NaN,1,NaN,1,NaN,1,NaN,0,NaN,0,NaN,1,NaN,1,NaN,0,NaN,1,NaN,1,NaN,1,NaN,0,NaN,1,NaN,1,NaN,NaN,NaN,NaN,NaN,NaN,NaN,1,NaN,1,NaN
BAI 2022,17166765,Talellietal2007,2007,1,NaN,1,NaN,0,NaN,0,NaN,0,NaN,NaN,NaN,1,NaN,0,NaN,1,NaN,1,NaN,1,NaN,1,NaN,1,NaN,1,NaN,0,NaN,0,NaN,1,NaN,1,NaN,1,NaN,1,NaN,0,NaN,1,NaN,1,NaN,1,NaN,1,NaN,NaN,NaN,NaN,NaN,NaN,NaN,1,NaN,1,NaN
BAI 2022,18165149,DiLazzaroetal2008,2008,1,NaN,1,NaN,0,NaN,0,NaN,1,NaN,NaN,NaN,1,NaN,0,NaN,1,NaN,0,NaN,0,NaN,1,NaN,1,NaN,1,NaN,1,NaN,0,NaN,1,NaN,1,NaN,0,NaN,1,NaN,0,NaN,1,NaN,0,NaN,1,NaN,1,NaN,NaN,NaN,NaN,NaN,NaN,NaN,1,NaN,1,NaN
BAI 2022,18382826,Takeuchietal2008,2008,1,NaN,1,NaN,0,NaN,0,NaN,0,NaN,NaN,NaN,1,NaN,0,NaN,1,NaN,1,NaN,0,NaN,1,NaN,1,NaN,1,NaN,0,NaN,0,NaN,1,NaN,1,NaN,0,NaN,1,NaN,0,NaN,0,NaN,0,NaN,1,NaN,1,NaN,1,NaN,1,NaN,1,NaN,1,NaN,1,NaN
BAI 2022,19584748,Jayarametal2009,2009,1,NaN,1,NaN,0,NaN,0,NaN,0,NaN,NaN,NaN,1,NaN,0,NaN,1,NaN,1,NaN,0,NaN,1,NaN,1,NaN,1,NaN,1,NaN,0,NaN,1,NaN,1,NaN,1,NaN,1,NaN,1,NaN,1,NaN,0,NaN,1,NaN,1,NaN,NaN,NaN,NaN,NaN,NaN,NaN,1,NaN,1,NaN
BAI 2022,19894000,Takeuchietal2009,2009,1,NaN,1,NaN,0,NaN,0,NaN,0,NaN,NaN,NaN,1,NaN,0,NaN,1,NaN,1,NaN,0,NaN,1,NaN,1,NaN,0,NaN,0,NaN,0,NaN,1,NaN,1,NaN,0,NaN,1,NaN,0,NaN,NaN,NaN,0,NaN,1,NaN,1,NaN,1,NaN,1,NaN,1,NaN,1,NaN,1,NaN
BAI 2022,20489170,Ackerleyetal2010,2010,1,NaN,1,NaN,0,NaN,0,NaN,0,NaN,NaN,NaN,1,NaN,0,NaN,1,NaN,1,NaN,1,NaN,1,NaN,1,NaN,0,NaN,0,NaN,0,NaN,1,NaN,1,NaN,1,NaN,0,NaN,0,NaN,1,NaN,0,NaN,0,NaN,1,NaN,NaN,NaN,NaN,NaN,NaN,NaN,1,NaN,1,NaN
BAI 2022,19805417,DiLazzaroetal2010,2010,1,NaN,1,NaN,0,NaN,0,NaN,1,NaN,NaN,NaN,1,NaN,0,NaN,1,NaN,0,NaN,1,NaN,1,NaN,1,NaN,1,NaN,1,NaN,0,NaN,1,NaN,1,NaN,0,NaN,1,NaN,0,NaN,NaN,NaN,0,NaN,1,NaN,1,NaN,1,NaN,1,NaN,1,NaN,1,NaN,1,NaN
BAI 2022,22412170,Takeuchietal2012,2012,1,NaN,1,NaN,0,NaN,0,NaN,1,NaN,NaN,NaN,1,NaN,0,NaN,0,NaN,0,NaN,1,NaN,1,NaN,1,NaN,0,NaN,0,NaN,0,NaN,1,NaN,1,NaN,0,NaN,1,NaN,0,NaN,0,NaN,0,NaN,1,NaN,1,NaN,NaN,NaN,NaN,NaN,NaN,NaN,1,NaN,1,NaN
BAI 2022,22999319,Massieetal2013,2013,1,NaN,1,NaN,0,NaN,0,NaN,1,NaN,NaN,NaN,1,NaN,0,NaN,1,NaN,1,NaN,1,NaN,1,NaN,1,NaN,1,NaN,1,NaN,0,NaN,1,NaN,1,NaN,0,NaN,1,NaN,0,NaN,NaN,NaN,0,NaN,1,NaN,0,NaN,1,NaN,1,NaN,1,NaN,1,NaN,1,NaN
BAI 2022,23949057,Massieetal2013,2013,1,NaN,1,NaN,0,NaN,0,NaN,0,NaN,NaN,NaN,1,NaN,0,NaN,1,NaN,1,NaN,1,NaN,1,NaN,1,NaN,1,NaN,0,NaN,0,NaN,1,NaN,1,NaN,0,NaN,1,NaN,0,NaN,NaN,NaN,0,NaN,1,NaN,0,NaN,1,NaN,1,NaN,1,NaN,1,NaN,1,NaN
BAI 2022,24360934,Ackerleyetal2014,2014,1,NaN,1,NaN,0,NaN,0,NaN,1,NaN,NaN,NaN,1,NaN,0,NaN,1,NaN,1,NaN,1,NaN,1,NaN,1,NaN,0,NaN,0,NaN,0,NaN,1,NaN,1,NaN,0,NaN,1,NaN,0,NaN,1,NaN,0,NaN,1,NaN,1,NaN,NaN,NaN,NaN,NaN,NaN,NaN,1,NaN,1,NaN
BAI 2022,25141526,Vongvaivanichakuletal2014,2014,1,NaN,0,NaN,0,NaN,0,NaN,0,NaN,NaN,NaN,1,NaN,0,NaN,1,NaN,1,NaN,1,NaN,1,NaN,1,NaN,0,NaN,0,NaN,0,NaN,1,NaN,1,NaN,0,NaN,1,NaN,0,NaN,NaN,NaN,0,NaN,0,NaN,0,NaN,NaN,NaN,NaN,NaN,NaN,NaN,1,NaN,1,NaN
BAI 2022,26198365,Cassidyetal2015,2015,1,NaN,1,NaN,1,NaN,0,NaN,1,NaN,NaN,NaN,1,NaN,0,NaN,1,NaN,1,NaN,1,NaN,1,NaN,1,NaN,1,NaN,0,NaN,0,NaN,1,NaN,1,NaN,0,NaN,1,NaN,0,NaN,1,NaN,0,NaN,1,NaN,1,NaN,1,NaN,1,NaN,1,NaN,1,NaN,1,NaN
BAI 2022,26198365,Gohetal2015,2015,1,NaN,1,NaN,0,NaN,0,NaN,0,NaN,NaN,NaN,1,NaN,0,NaN,1,NaN,1,NaN,1,NaN,1,NaN,1,NaN,0,NaN,0,NaN,0,NaN,1,NaN,1,NaN,0,NaN,1,NaN,0,NaN,1,NaN,0,NaN,1,NaN,0,NaN,NaN,NaN,NaN,NaN,NaN,NaN,1,NaN,1,NaN
BAI 2022,26664827,Tretriluxanaetal2015,2015,1,NaN,1,NaN,1,NaN,0,NaN,0,NaN,NaN,NaN,0,NaN,0,NaN,1,NaN,1,NaN,1,NaN,1,NaN,1,NaN,0,NaN,0,NaN,0,NaN,1,NaN,1,NaN,0,NaN,1,NaN,0,NaN,1,NaN,0,NaN,1,NaN,1,NaN,NaN,NaN,NaN,NaN,NaN,NaN,1,NaN,1,NaN
BAI 2022,25817361,Uhmetal2015,2015,1,NaN,1,NaN,0,NaN,0,NaN,0,NaN,NaN,NaN,1,NaN,0,NaN,1,NaN,1,NaN,0,NaN,1,NaN,1,NaN,1,NaN,0,NaN,0,NaN,1,NaN,1,NaN,0,NaN,1,NaN,0,NaN,1,NaN,0,NaN,1,NaN,1,NaN,NaN,NaN,NaN,NaN,NaN,NaN,1,NaN,1,NaN
BAI 2022,27567763,Bashiretal2016,2016,1,NaN,1,NaN,0,NaN,0,NaN,0,NaN,NaN,NaN,0,NaN,0,NaN,1,NaN,1,NaN,0,NaN,1,NaN,1,NaN,0,NaN,0,NaN,1,NaN,1,NaN,1,NaN,1,NaN,1,NaN,1,NaN,NaN,NaN,1,NaN,1,NaN,1,NaN,NaN,NaN,NaN,NaN,NaN,NaN,1,NaN,1,NaN
BAI 2022,26858590,DiLazzaroetal2016,2016,1,NaN,1,NaN,0,NaN,0,NaN,1,NaN,NaN,NaN,1,NaN,0,NaN,1,NaN,0,NaN,0,NaN,1,NaN,1,NaN,1,NaN,1,NaN,1,NaN,1,NaN,1,NaN,0,NaN,1,NaN,0,NaN,NaN,NaN,0,NaN,1,NaN,0,NaN,NaN,NaN,NaN,NaN,NaN,NaN,1,NaN,1,NaN
BAI 2022,27018862,Murdochetal2016,2016,1,NaN,1,NaN,0,NaN,0,NaN,1,NaN,NaN,NaN,1,NaN,0,NaN,1,NaN,1,NaN,1,NaN,1,NaN,1,NaN,1,NaN,0,NaN,1,NaN,1,NaN,1,NaN,0,NaN,1,NaN,1,NaN,1,NaN,0,NaN,1,NaN,1,NaN,1,NaN,1,NaN,1,NaN,1,NaN,1,NaN
BAI 2022,28652969,DiekhoffNaNKrebsetal2017,2017,1,NaN,1,NaN,1,NaN,0,NaN,0,NaN,NaN,NaN,1,NaN,0,NaN,1,NaN,1,NaN,1,NaN,1,NaN,1,NaN,1,NaN,0,NaN,1,NaN,1,NaN,1,NaN,0,NaN,1,NaN,1,NaN,1,NaN,1,NaN,1,NaN,1,NaN,NaN,NaN,NaN,NaN,NaN,NaN,1,NaN,1,NaN
BAI 2022,28350190,Khanetal2017,2017,1,NaN,1,NaN,0,NaN,0,NaN,0,NaN,NaN,NaN,1,NaN,0,NaN,1,NaN,1,NaN,1,NaN,1,NaN,1,NaN,1,NaN,1,NaN,1,NaN,1,NaN,1,NaN,0,NaN,1,NaN,0,NaN,NaN,NaN,0,NaN,1,NaN,1,NaN,NaN,NaN,NaN,NaN,NaN,NaN,1,NaN,1,NaN
BAI 2022,30918461,Hanafietal2018,2018,1,NaN,1,NaN,0,NaN,0,NaN,0,NaN,NaN,NaN,1,NaN,0,NaN,0,NaN,1,NaN,1,NaN,1,NaN,1,NaN,0,NaN,0,NaN,0,NaN,1,NaN,0,NaN,0,NaN,1,NaN,0,NaN,1,NaN,0,NaN,1,NaN,0,NaN,NaN,NaN,NaN,NaN,NaN,NaN,1,NaN,1,NaN
BAI 2022,30613070,Tretriluxanaetal2018,2018,1,NaN,1,NaN,0,NaN,0,NaN,0,NaN,NaN,NaN,1,NaN,0,NaN,1,NaN,1,NaN,1,NaN,1,NaN,1,NaN,0,NaN,0,NaN,0,NaN,1,NaN,1,NaN,0,NaN,1,NaN,0,NaN,NaN,NaN,0,NaN,1,NaN,0,NaN,NaN,NaN,NaN,NaN,NaN,NaN,1,NaN,1,NaN
BAI 2022,16087918,Khedretal2005,2005,1,NaN,1,NaN,1,NaN,0,NaN,1,NaN,NaN,NaN,1,NaN,1,NaN,0,NaN,1,NaN,1,NaN,1,NaN,1,NaN,0,NaN,0,NaN,0,NaN,1,NaN,0,NaN,0,NaN,1,NaN,0,NaN,1,NaN,0,NaN,1,NaN,0,NaN,NaN,NaN,NaN,NaN,NaN,NaN,1,NaN,1,NaN
BAI 2022,16809569,Fregnietal2006,2006,1,NaN,1,NaN,0,NaN,1,NaN,1,NaN,NaN,NaN,1,NaN,1,NaN,0,NaN,1,NaN,0,NaN,1,NaN,0,NaN,0,NaN,0,NaN,0,NaN,0,NaN,0,NaN,0,NaN,1,NaN,0,NaN,1,NaN,0,NaN,0,NaN,0,NaN,NaN,NaN,NaN,NaN,NaN,NaN,1,NaN,1,NaN
BAI 2022,17709994,Malcolmetal2007,2007,1,NaN,1,NaN,1,NaN,1,NaN,1,NaN,NaN,NaN,1,NaN,1,NaN,1,NaN,1,NaN,1,NaN,1,NaN,1,NaN,0,NaN,0,NaN,0,NaN,1,NaN,1,NaN,0,NaN,1,NaN,0,NaN,1,NaN,0,NaN,1,NaN,0,NaN,NaN,NaN,NaN,NaN,NaN,NaN,1,NaN,1,NaN
BAI 2022,17409389,Pomeroyetal2007,2007,1,NaN,1,NaN,0,NaN,0,NaN,0,NaN,NaN,NaN,1,NaN,1,NaN,1,NaN,1,NaN,1,NaN,1,NaN,1,NaN,1,NaN,0,NaN,0,NaN,1,NaN,1,NaN,0,NaN,1,NaN,1,NaN,1,NaN,0,NaN,1,NaN,0,NaN,NaN,NaN,NaN,NaN,NaN,NaN,0,NaN,0,NaN
BAI 2022,19780802,Khedretal2009,2009,1,NaN,1,NaN,0,NaN,0,NaN,0,NaN,NaN,NaN,1,NaN,1,NaN,1,NaN,0,NaN,1,NaN,1,NaN,1,NaN,1,NaN,0,NaN,0,NaN,1,NaN,1,NaN,0,NaN,1,NaN,1,NaN,1,NaN,0,NaN,1,NaN,1,NaN,NaN,NaN,NaN,NaN,NaN,NaN,1,NaN,1,NaN
BAI 2022,19678808,Khedretal2010,2010,1,NaN,1,NaN,0,NaN,0,NaN,0,NaN,NaN,NaN,1,NaN,1,NaN,1,NaN,0,NaN,1,NaN,1,NaN,1,NaN,1,NaN,0,NaN,0,NaN,1,NaN,1,NaN,0,NaN,1,NaN,1,NaN,1,NaN,0,NaN,1,NaN,1,NaN,NaN,NaN,NaN,NaN,NaN,NaN,1,NaN,1,NaN
BAI 2022,21524650,Theiligetal2011,2011,1,NaN,1,NaN,0,NaN,0,NaN,0,NaN,NaN,NaN,1,NaN,1,NaN,1,NaN,1,NaN,1,NaN,1,NaN,1,NaN,1,NaN,0,NaN,1,NaN,1,NaN,1,NaN,0,NaN,1,NaN,0,NaN,1,NaN,0,NaN,1,NaN,1,NaN,NaN,NaN,NaN,NaN,NaN,NaN,1,NaN,1,NaN
BAI 2022,22238412,Avenantietal2012,2012,1,NaN,1,NaN,0,NaN,0,NaN,0,NaN,NaN,NaN,1,NaN,1,NaN,1,NaN,1,NaN,1,NaN,1,NaN,1,NaN,1,NaN,0,NaN,0,NaN,1,NaN,1,NaN,0,NaN,1,NaN,0,NaN,1,NaN,0,NaN,1,NaN,0,NaN,NaN,NaN,NaN,NaN,NaN,NaN,1,NaN,1,NaN
BAI 2022,21974983,Wangetal2012,2012,1,NaN,1,NaN,0,NaN,0,NaN,0,NaN,NaN,NaN,1,NaN,1,NaN,1,NaN,1,NaN,1,NaN,1,NaN,1,NaN,1,NaN,1,NaN,0,NaN,1,NaN,1,NaN,0,NaN,1,NaN,1,NaN,1,NaN,0,NaN,1,NaN,1,NaN,NaN,NaN,NaN,NaN,NaN,NaN,1,NaN,1,NaN
BAI 2022,23978513,DiLazzaroetal2013,2013,1,NaN,1,NaN,0,NaN,1,NaN,0,NaN,NaN,NaN,1,NaN,1,NaN,1,NaN,0,NaN,0,NaN,1,NaN,1,NaN,1,NaN,1,NaN,0,NaN,1,NaN,1,NaN,0,NaN,1,NaN,0,NaN,1,NaN,0,NaN,1,NaN,0,NaN,NaN,NaN,NaN,NaN,NaN,NaN,1,NaN,1,NaN
BAI 2022,22659021,Hsuetal2013,2013,1,NaN,1,NaN,0,NaN,0,NaN,0,NaN,NaN,NaN,1,NaN,1,NaN,1,NaN,1,NaN,1,NaN,1,NaN,1,NaN,1,NaN,1,NaN,0,NaN,1,NaN,1,NaN,0,NaN,1,NaN,0,NaN,1,NaN,0,NaN,1,NaN,1,NaN,NaN,NaN,NaN,NaN,NaN,NaN,1,NaN,1,NaN
BAI 2022,23532011,Sungetal2013,2013,1,NaN,1,NaN,0,NaN,0,NaN,0,NaN,NaN,NaN,1,NaN,1,NaN,1,NaN,1,NaN,1,NaN,1,NaN,1,NaN,0,NaN,0,NaN,0,NaN,1,NaN,1,NaN,0,NaN,1,NaN,1,NaN,1,NaN,0,NaN,1,NaN,1,NaN,NaN,NaN,NaN,NaN,NaN,NaN,1,NaN,1,NaN
BAI 2022,25197611,Roseetal2014,2014,1,NaN,1,NaN,0,NaN,0,NaN,0,NaN,NaN,NaN,1,NaN,1,NaN,1,NaN,1,NaN,1,NaN,1,NaN,1,NaN,1,NaN,0,NaN,0,NaN,1,NaN,1,NaN,0,NaN,1,NaN,1,NaN,1,NaN,0,NaN,1,NaN,1,NaN,1,NaN,1,NaN,1,NaN,1,NaN,1,NaN
BAI 2022,25201815,Wangetal2014,2014,1,NaN,1,NaN,0,NaN,0,NaN,0,NaN,NaN,NaN,1,NaN,1,NaN,1,NaN,1,NaN,1,NaN,1,NaN,1,NaN,1,NaN,1,NaN,0,NaN,1,NaN,1,NaN,0,NaN,1,NaN,1,NaN,1,NaN,0,NaN,1,NaN,1,NaN,NaN,NaN,NaN,NaN,NaN,NaN,1,NaN,1,NaN
BAI 2022,24422912,Wangetal2014,2014,1,NaN,1,NaN,0,NaN,0,NaN,0,NaN,NaN,NaN,1,NaN,1,NaN,1,NaN,1,NaN,1,NaN,1,NaN,1,NaN,1,NaN,0,NaN,0,NaN,1,NaN,1,NaN,0,NaN,1,NaN,1,NaN,1,NaN,0,NaN,1,NaN,1,NaN,NaN,NaN,NaN,NaN,NaN,NaN,1,NaN,1,NaN
BAI 2022,26351545,Blesneagetal2015,2015,1,NaN,1,NaN,0,NaN,0,NaN,0,NaN,NaN,NaN,1,NaN,1,NaN,1,NaN,1,NaN,1,NaN,1,NaN,1,NaN,1,NaN,0,NaN,0,NaN,1,NaN,1,NaN,0,NaN,1,NaN,1,NaN,1,NaN,0,NaN,1,NaN,1,NaN,NaN,NaN,NaN,NaN,NaN,NaN,1,NaN,1,NaN
BAI 2022,25828427,LudemannNaNPodubeckaetal2015,2015,1,NaN,1,NaN,1,NaN,0,NaN,0,NaN,NaN,NaN,1,NaN,1,NaN,1,NaN,1,NaN,1,NaN,1,NaN,1,NaN,1,NaN,1,NaN,0,NaN,1,NaN,1,NaN,0,NaN,1,NaN,0,NaN,1,NaN,0,NaN,1,NaN,1,NaN,NaN,NaN,NaN,NaN,NaN,NaN,1,NaN,1,NaN
BAI 2022,26060584,Melloetal2015,2015,1,NaN,1,NaN,1,NaN,0,NaN,0,NaN,NaN,NaN,1,NaN,1,NaN,1,NaN,1,NaN,1,NaN,1,NaN,1,NaN,1,NaN,0,NaN,0,NaN,1,NaN,1,NaN,1,NaN,1,NaN,0,NaN,1,NaN,0,NaN,1,NaN,0,NaN,1,NaN,1,NaN,1,NaN,1,NaN,1,NaN
BAI 2022,NaN,Srikumarietal2015,2015,1,NaN,0,NaN,0,NaN,0,NaN,0,NaN,NaN,NaN,1,NaN,1,NaN,0,NaN,1,NaN,1,NaN,1,NaN,1,NaN,1,NaN,0,NaN,0,NaN,1,NaN,1,NaN,0,NaN,0,NaN,0,NaN,1,NaN,0,NaN,0,NaN,0,NaN,NaN,NaN,NaN,NaN,NaN,NaN,1,NaN,1,NaN
BAI 2022,27425785,Duetal2016,2016,1,NaN,1,NaN,0,NaN,0,NaN,0,NaN,NaN,NaN,1,NaN,1,NaN,1,NaN,1,NaN,1,NaN,1,NaN,1,NaN,1,NaN,0,NaN,0,NaN,1,NaN,1,NaN,0,NaN,0,NaN,0,NaN,1,NaN,0,NaN,1,NaN,0,NaN,NaN,NaN,NaN,NaN,NaN,NaN,1,NaN,1,NaN
BAI 2022,26778719,Duetal2016,2016,1,NaN,1,NaN,0,NaN,0,NaN,0,NaN,NaN,NaN,1,NaN,1,NaN,1,NaN,1,NaN,1,NaN,1,NaN,1,NaN,0,NaN,0,NaN,0,NaN,1,NaN,1,NaN,0,NaN,1,NaN,0,NaN,1,NaN,0,NaN,1,NaN,0,NaN,NaN,NaN,NaN,NaN,NaN,NaN,1,NaN,1,NaN
BAI 2022,26980614,Volzetal2016,2016,1,NaN,1,NaN,1,NaN,0,NaN,0,NaN,NaN,NaN,1,NaN,1,NaN,1,NaN,1,NaN,1,NaN,1,NaN,1,NaN,1,NaN,1,NaN,1,NaN,1,NaN,1,NaN,1,NaN,1,NaN,1,NaN,1,NaN,0,NaN,1,NaN,1,NaN,NaN,NaN,NaN,NaN,NaN,NaN,1,NaN,1,NaN
BAI 2022,28106573,Chaetal2017,2017,1,NaN,1,NaN,0,NaN,0,NaN,1,NaN,NaN,NaN,1,NaN,1,NaN,1,NaN,1,NaN,1,NaN,1,NaN,1,NaN,1,NaN,0,NaN,1,NaN,1,NaN,1,NaN,0,NaN,1,NaN,1,NaN,1,NaN,0,NaN,1,NaN,1,NaN,NaN,NaN,NaN,NaN,NaN,NaN,1,NaN,1,NaN
BAI 2022,28971620,Guanetal2017,2017,1,NaN,1,NaN,0,NaN,0,NaN,0,NaN,NaN,NaN,1,NaN,1,NaN,0,NaN,1,NaN,1,NaN,1,NaN,1,NaN,1,NaN,0,NaN,1,NaN,1,NaN,1,NaN,0,NaN,0,NaN,0,NaN,1,NaN,0,NaN,1,NaN,0,NaN,NaN,NaN,NaN,NaN,NaN,NaN,1,NaN,1,NaN
BAI 2022,29023249,Huangetal2018,2018,1,NaN,1,NaN,0,NaN,0,NaN,0,NaN,NaN,NaN,1,NaN,1,NaN,1,NaN,1,NaN,1,NaN,1,NaN,1,NaN,0,NaN,0,NaN,0,NaN,1,NaN,1,NaN,0,NaN,1,NaN,1,NaN,1,NaN,0,NaN,1,NaN,1,NaN,NaN,NaN,NaN,NaN,NaN,NaN,1,NaN,1,NaN
BAI 2022,29249365,Watanabeetal2018,2018,1,NaN,1,NaN,0,NaN,0,NaN,1,NaN,NaN,NaN,1,NaN,1,NaN,0,NaN,1,NaN,1,NaN,1,NaN,1,NaN,0,NaN,0,NaN,0,NaN,1,NaN,1,NaN,0,NaN,0,NaN,0,NaN,1,NaN,0,NaN,0,NaN,1,NaN,NaN,NaN,NaN,NaN,NaN,NaN,1,NaN,1,NaN
BAI 2022,30852696,DosSantosetal2019,2019,1,NaN,1,NaN,0,NaN,0,NaN,0,NaN,NaN,NaN,1,NaN,1,NaN,1,NaN,1,NaN,1,NaN,1,NaN,1,NaN,1,NaN,0,NaN,0,NaN,1,NaN,1,NaN,0,NaN,1,NaN,0,NaN,1,NaN,0,NaN,1,NaN,0,NaN,NaN,NaN,NaN,NaN,NaN,NaN,1,NaN,1,NaN
BAI 2022,30527907,Duetal2019,2019,1,NaN,1,NaN,0,NaN,0,NaN,1,NaN,NaN,NaN,1,NaN,1,NaN,0,NaN,1,NaN,1,NaN,1,NaN,1,NaN,0,NaN,0,NaN,0,NaN,1,NaN,0,NaN,0,NaN,0,NaN,0,NaN,1,NaN,0,NaN,0,NaN,0,NaN,NaN,NaN,NaN,NaN,NaN,NaN,1,NaN,1,NaN
BAI 2022,NaN,ElNaNTamawyetal2019,2019,1,NaN,1,NaN,0,NaN,0,NaN,0,NaN,NaN,NaN,1,NaN,1,NaN,0,NaN,0,NaN,1,NaN,1,NaN,1,NaN,0,NaN,0,NaN,0,NaN,1,NaN,0,NaN,0,NaN,0,NaN,0,NaN,1,NaN,0,NaN,0,NaN,0,NaN,NaN,NaN,NaN,NaN,NaN,NaN,1,NaN,1,NaN
BAI 2022,31227676,Nevaetal2019,2019,1,NaN,1,NaN,0,NaN,0,NaN,1,NaN,NaN,NaN,1,NaN,1,NaN,1,NaN,1,NaN,1,NaN,1,NaN,1,NaN,0,NaN,0,NaN,1,NaN,1,NaN,1,NaN,0,NaN,1,NaN,0,NaN,1,NaN,0,NaN,1,NaN,1,NaN,1,NaN,1,NaN,1,NaN,1,NaN,1,NaN
BAI 2022,30586670,Wangetal2019,2019,1,NaN,1,NaN,0,NaN,0,NaN,0,NaN,NaN,NaN,0,NaN,1,NaN,1,NaN,1,NaN,1,NaN,1,NaN,1,NaN,1,NaN,1,NaN,0,NaN,1,NaN,1,NaN,0,NaN,1,NaN,0,NaN,1,NaN,0,NaN,1,NaN,0,NaN,NaN,NaN,NaN,NaN,NaN,NaN,1,NaN,1,NaN
BAI 2022,30354918,Zhangetal2019,2019,1,NaN,1,NaN,0,NaN,0,NaN,0,NaN,NaN,NaN,1,NaN,1,NaN,0,NaN,1,NaN,1,NaN,1,NaN,1,NaN,0,NaN,0,NaN,0,NaN,1,NaN,0,NaN,0,NaN,1,NaN,0,NaN,1,NaN,0,NaN,1,NaN,0,NaN,NaN,NaN,NaN,NaN,NaN,NaN,1,NaN,1,NaN
BAI 2022,32380449,Wangetal2020,2020,1,NaN,1,NaN,0,NaN,0,NaN,1,NaN,NaN,NaN,1,NaN,1,NaN,1,NaN,1,NaN,1,NaN,1,NaN,1,NaN,1,NaN,0,NaN,0,NaN,1,NaN,1,NaN,0,NaN,1,NaN,0,NaN,1,NaN,0,NaN,1,NaN,0,NaN,NaN,NaN,NaN,NaN,NaN,NaN,1,NaN,1,NaN
BAI 2022,NaN,Hassanetal2020,2020,1,NaN,1,NaN,0,NaN,0,NaN,0,NaN,NaN,NaN,1,NaN,1,NaN,1,NaN,1,NaN,1,NaN,1,NaN,1,NaN,0,NaN,0,NaN,0,NaN,1,NaN,1,NaN,0,NaN,1,NaN,0,NaN,1,NaN,0,NaN,1,NaN,1,NaN,NaN,NaN,NaN,NaN,NaN,NaN,1,NaN,1,NaN
BAI 2022,NaN,Keetal2020,2020,1,NaN,1,NaN,0,NaN,0,NaN,0,NaN,NaN,NaN,1,NaN,1,NaN,0,NaN,1,NaN,1,NaN,1,NaN,1,NaN,0,NaN,0,NaN,0,NaN,1,NaN,0,NaN,0,NaN,1,NaN,0,NaN,1,NaN,0,NaN,1,NaN,0,NaN,NaN,NaN,NaN,NaN,NaN,NaN,1,NaN,1,NaN
BAI 2022,33222502,Gongetal2021,2021,1,NaN,1,NaN,0,NaN,0,NaN,0,NaN,NaN,NaN,1,NaN,1,NaN,0,NaN,0,NaN,0,NaN,0,NaN,0,NaN,0,NaN,0,NaN,0,NaN,1,NaN,0,NaN,0,NaN,0,NaN,0,NaN,0,NaN,0,NaN,0,NaN,0,NaN,NaN,NaN,NaN,NaN,NaN,NaN,0,NaN,0,NaN
GEFFRIE 2023,18028404,Valentin et al.,2008,1,NaN,1,NaN,0,NaN,1,NaN,NaN,NaN,0,NaN,NaN,NaN,NaN,NaN,NaN,NaN,NaN,NaN,NaN,NaN,NaN,NaN,1,NaN,0,NaN,0,NaN,0,NaN,1,NaN,1,NaN,1,NaN,NaN,NaN,1,NaN,NaN,NaN,NaN,NaN,NaN,NaN,1,NaN,NaN,NaN,NaN,NaN,NaN,NaN,NaN,NaN,NaN,NaN
GEFFRIE 2023,21726980,Del Felice et al.,2011,1,NaN,1,NaN,1,NaN,1,NaN,NaN,NaN,1,NaN,NaN,NaN,NaN,NaN,NaN,NaN,NaN,NaN,NaN,NaN,NaN,NaN,1,NaN,1,NaN,1,NaN,1,NaN,1,NaN,1,NaN,0,NaN,NaN,NaN,1,NaN,NaN,NaN,NaN,NaN,NaN,NaN,1,NaN,NaN,NaN,NaN,NaN,NaN,NaN,NaN,NaN,NaN,NaN
GEFFRIE 2023,23642573,Julkunen et al.,2013,1,NaN,1,NaN,1,NaN,1,NaN,NaN,NaN,0,NaN,NaN,NaN,NaN,NaN,NaN,NaN,NaN,NaN,NaN,NaN,NaN,NaN,1,NaN,1,NaN,1,NaN,1,NaN,1,NaN,1,NaN,1,NaN,NaN,NaN,1,NaN,NaN,NaN,NaN,NaN,NaN,NaN,0,NaN,NaN,NaN,NaN,NaN,NaN,NaN,NaN,NaN,NaN,NaN
GEFFRIE 2023,25858773,Shafi et al.,2015,1,NaN,1,NaN,1,NaN,1,NaN,NaN,NaN,1,NaN,NaN,NaN,NaN,NaN,NaN,NaN,NaN,NaN,NaN,NaN,NaN,NaN,1,NaN,1,NaN,0,NaN,1,NaN,1,NaN,1,NaN,1,NaN,NaN,NaN,1,NaN,NaN,NaN,NaN,NaN,NaN,NaN,0,NaN,NaN,NaN,NaN,NaN,NaN,NaN,NaN,NaN,NaN,NaN
GEFFRIE 2023,27472537,Ter Braack et al.,2016,1,NaN,1,NaN,1,NaN,1,NaN,NaN,NaN,0,NaN,NaN,NaN,NaN,NaN,NaN,NaN,NaN,NaN,NaN,NaN,NaN,NaN,1,NaN,1,NaN,0,NaN,1,NaN,1,NaN,1,NaN,1,NaN,NaN,NaN,1,NaN,NaN,NaN,NaN,NaN,NaN,NaN,1,NaN,NaN,NaN,NaN,NaN,NaN,NaN,NaN,NaN,NaN,NaN
GEFFRIE 2023,28007469,Kimiskidis et al.,2017,1,NaN,1,NaN,0,NaN,1,NaN,NaN,NaN,0,NaN,NaN,NaN,NaN,NaN,NaN,NaN,NaN,NaN,NaN,NaN,NaN,NaN,1,NaN,NaN,NaN,0,NaN,1,NaN,1,NaN,1,NaN,1,NaN,NaN,NaN,1,NaN,NaN,NaN,NaN,NaN,NaN,NaN,0,NaN,NaN,NaN,NaN,NaN,1,NaN,NaN,NaN,NaN,NaN
GEFFRIE 2023,30875639,Bauer et al.,2019,1,NaN,1,NaN,1,NaN,1,NaN,NaN,NaN,1,NaN,NaN,NaN,NaN,NaN,NaN,NaN,NaN,NaN,NaN,NaN,NaN,NaN,1,NaN,NaN,NaN,1,NaN,0,NaN,1,NaN,0,NaN,0,NaN,NaN,NaN,1,NaN,NaN,NaN,NaN,NaN,NaN,NaN,0,NaN,NaN,NaN,NaN,NaN,NaN,NaN,NaN,NaN,NaN,NaN
GEFFRIE 2023,24741050,PremoliCastellanos et al.,2014,1,NaN,1,NaN,1,NaN,1,NaN,NaN,NaN,1,NaN,NaN,NaN,NaN,NaN,NaN,NaN,NaN,NaN,NaN,NaN,NaN,NaN,1,NaN,1,NaN,1,NaN,1,NaN,1,NaN,1,NaN,1,NaN,NaN,NaN,1,NaN,1,NaN,NaN,NaN,NaN,NaN,1,NaN,NaN,NaN,NaN,NaN,1,NaN,NaN,NaN,NaN,NaN
GEFFRIE 2023,27808418,Premoli Biondi et al.,2017,1,NaN,1,NaN,1,NaN,1,NaN,NaN,NaN,1,NaN,NaN,NaN,NaN,NaN,NaN,NaN,NaN,NaN,NaN,NaN,NaN,NaN,1,NaN,1,NaN,1,NaN,1,NaN,1,NaN,1,NaN,1,NaN,NaN,NaN,1,NaN,1,NaN,NaN,NaN,NaN,NaN,1,NaN,NaN,NaN,NaN,NaN,NaN,NaN,NaN,NaN,NaN,NaN
GEFFRIE 2023,29572124,Premoli et al.,2018,1,NaN,1,NaN,1,NaN,1,NaN,NaN,NaN,1,NaN,NaN,NaN,NaN,NaN,NaN,NaN,NaN,NaN,NaN,NaN,NaN,NaN,1,NaN,0,NaN,0,NaN,1,NaN,1,NaN,1,NaN,0,NaN,NaN,NaN,1,NaN,1,NaN,NaN,NaN,NaN,NaN,1,NaN,NaN,NaN,NaN,NaN,1,NaN,NaN,NaN,NaN,NaN
GEFFRIE 2023,30549127,Darmani et al.,2019,1,NaN,1,NaN,1,NaN,0,NaN,NaN,NaN,1,NaN,NaN,NaN,NaN,NaN,NaN,NaN,NaN,NaN,NaN,NaN,NaN,NaN,1,NaN,1,NaN,1,NaN,1,NaN,1,NaN,1,NaN,1,NaN,NaN,NaN,1,NaN,1,NaN,NaN,NaN,NaN,NaN,1,NaN,NaN,NaN,NaN,NaN,NaN,NaN,NaN,NaN,NaN,NaN
GEFFRIE 2023,31568714,Premoli et al.,2019,1,NaN,1,NaN,1,NaN,0,NaN,NaN,NaN,0,NaN,NaN,NaN,NaN,NaN,NaN,NaN,NaN,NaN,NaN,NaN,NaN,NaN,1,NaN,0,NaN,0,NaN,1,NaN,1,NaN,1,NaN,0,NaN,NaN,NaN,1,NaN,1,NaN,NaN,NaN,NaN,NaN,1,NaN,NaN,NaN,NaN,NaN,NaN,NaN,NaN,NaN,NaN,NaN
GEFFRIE 2023,33854132,Belardinelli et al.,2021,1,NaN,1,NaN,1,NaN,1,NaN,NaN,NaN,1,NaN,NaN,NaN,NaN,NaN,NaN,NaN,NaN,NaN,NaN,NaN,NaN,NaN,1,NaN,1,NaN,1,NaN,1,NaN,1,NaN,1,NaN,1,NaN,NaN,NaN,1,NaN,1,NaN,NaN,NaN,NaN,NaN,1,NaN,NaN,NaN,NaN,NaN,NaN,NaN,NaN,NaN,NaN,NaN
GEFFRIE 2023,35028950,Ruijs et al.,2022,1,NaN,1,NaN,1,NaN,1,NaN,NaN,NaN,1,NaN,NaN,NaN,NaN,NaN,NaN,NaN,NaN,NaN,NaN,NaN,NaN,NaN,1,NaN,1,NaN,0,NaN,1,NaN,1,NaN,1,NaN,0,NaN,NaN,NaN,1,NaN,1,NaN,NaN,NaN,NaN,NaN,1,NaN,NaN,NaN,NaN,NaN,1,NaN,NaN,NaN,NaN,NaN
DE LIMA PARDINI 2023,1697531,Amassian 1990,1990,0,NaN,0,NaN,NaN,NaN,NaN,NaN,NaN,NaN,NaN,NaN,NaN,NaN,NaN,NaN,NaN,NaN,NaN,NaN,NaN,NaN,NaN,NaN,1,NaN,1,NaN,0,NaN,1,NaN,1,NaN,1,NaN,0,NaN,0,NaN,0,NaN,NaN,NaN,NaN,NaN,0,NaN,0,NaN,NaN,NaN,NaN,NaN,NaN,NaN,0,NaN,0,NaN
DE LIMA PARDINI 2023,2213581,Edgley 1990,1990,1,NaN,0,NaN,NaN,NaN,NaN,NaN,NaN,NaN,NaN,NaN,NaN,NaN,NaN,NaN,NaN,NaN,NaN,NaN,NaN,NaN,NaN,NaN,0,NaN,1,NaN,0,NaN,1,NaN,1,NaN,1,NaN,0,NaN,0,NaN,0,NaN,NaN,NaN,NaN,NaN,0,NaN,0,NaN,NaN,NaN,NaN,NaN,NaN,NaN,0,NaN,0,NaN
DE LIMA PARDINI 2023,15815325,Ghaly 1990,1990,0,NaN,0,NaN,NaN,NaN,NaN,NaN,NaN,NaN,NaN,NaN,NaN,NaN,NaN,NaN,NaN,NaN,NaN,NaN,NaN,NaN,NaN,NaN,1,NaN,1,NaN,0,NaN,1,NaN,1,NaN,0,NaN,0,NaN,1,NaN,0,NaN,NaN,NaN,NaN,NaN,1,NaN,0,NaN,NaN,NaN,NaN,NaN,NaN,NaN,1,NaN,1,NaN
DE LIMA PARDINI 2023,2133376,Ghaly 1990,1990,0,NaN,0,NaN,NaN,NaN,NaN,NaN,NaN,NaN,NaN,NaN,NaN,NaN,NaN,NaN,NaN,NaN,NaN,NaN,NaN,NaN,NaN,NaN,1,NaN,1,NaN,0,NaN,1,NaN,1,NaN,0,NaN,0,NaN,1,NaN,0,NaN,NaN,NaN,NaN,NaN,1,NaN,0,NaN,NaN,NaN,NaN,NaN,NaN,NaN,1,NaN,1,NaN
DE LIMA PARDINI 2023,NaN,Ghaly 1990,1990,1,NaN,0,NaN,NaN,NaN,NaN,NaN,NaN,NaN,NaN,NaN,NaN,NaN,NaN,NaN,NaN,NaN,NaN,NaN,NaN,NaN,NaN,NaN,1,NaN,1,NaN,0,NaN,1,NaN,1,NaN,0,NaN,0,NaN,1,NaN,0,NaN,NaN,NaN,NaN,NaN,1,NaN,0,NaN,NaN,NaN,NaN,NaN,NaN,NaN,1,NaN,1,NaN
DE LIMA PARDINI 2023,1819191,Budzinska 1991,1991,1,NaN,1,NaN,NaN,NaN,NaN,NaN,NaN,NaN,NaN,NaN,NaN,NaN,NaN,NaN,NaN,NaN,NaN,NaN,NaN,NaN,NaN,NaN,1,NaN,0,NaN,0,NaN,1,NaN,0,NaN,1,NaN,0,NaN,0,NaN,0,NaN,NaN,NaN,NaN,NaN,0,NaN,0,NaN,NaN,NaN,NaN,NaN,NaN,NaN,0,NaN,0,NaN
DE LIMA PARDINI 2023,15815379,Ghaly 1991,1991,0,NaN,0,NaN,NaN,NaN,NaN,NaN,NaN,NaN,NaN,NaN,NaN,NaN,NaN,NaN,NaN,NaN,NaN,NaN,NaN,NaN,NaN,NaN,1,NaN,1,NaN,0,NaN,1,NaN,1,NaN,0,NaN,0,NaN,1,NaN,0,NaN,NaN,NaN,NaN,NaN,0,NaN,0,NaN,NaN,NaN,NaN,NaN,NaN,NaN,1,NaN,1,NaN
DE LIMA PARDINI 2023,15815390,Ghaly 1991,1991,0,NaN,0,NaN,NaN,NaN,NaN,NaN,NaN,NaN,NaN,NaN,NaN,NaN,NaN,NaN,NaN,NaN,NaN,NaN,NaN,NaN,NaN,NaN,1,NaN,1,NaN,0,NaN,1,NaN,1,NaN,0,NaN,0,NaN,1,NaN,0,NaN,NaN,NaN,NaN,NaN,1,NaN,0,NaN,NaN,NaN,NaN,NaN,NaN,NaN,1,NaN,1,NaN
DE LIMA PARDINI 2023,1593464,Flament 1992,1992,1,NaN,0,NaN,NaN,NaN,NaN,NaN,NaN,NaN,NaN,NaN,NaN,NaN,NaN,NaN,NaN,NaN,NaN,NaN,NaN,NaN,NaN,NaN,0,NaN,1,NaN,1,NaN,1,NaN,1,NaN,1,NaN,0,NaN,1,NaN,0,NaN,NaN,NaN,NaN,NaN,1,NaN,0,NaN,NaN,NaN,NaN,NaN,NaN,NaN,0,NaN,0,NaN
DE LIMA PARDINI 2023,1593464,Flament 1992,1992,1,NaN,1,NaN,NaN,NaN,NaN,NaN,NaN,NaN,NaN,NaN,NaN,NaN,NaN,NaN,NaN,NaN,NaN,NaN,NaN,NaN,NaN,NaN,0,NaN,1,NaN,1,NaN,1,NaN,1,NaN,1,NaN,0,NaN,0,NaN,0,NaN,NaN,NaN,NaN,NaN,0,NaN,0,NaN,NaN,NaN,NaN,NaN,NaN,NaN,0,NaN,0,NaN
DE LIMA PARDINI 2023,1372233,Stone 1992,1992,1,NaN,0,NaN,NaN,NaN,NaN,NaN,NaN,NaN,NaN,NaN,NaN,NaN,NaN,NaN,NaN,NaN,NaN,NaN,NaN,NaN,NaN,NaN,1,NaN,1,NaN,1,NaN,1,NaN,1,NaN,1,NaN,0,NaN,1,NaN,0,NaN,NaN,NaN,NaN,NaN,1,NaN,0,NaN,NaN,NaN,NaN,NaN,NaN,NaN,1,NaN,0,NaN
DE LIMA PARDINI 2023,8098193,Sloan 1993,1993,1,NaN,1,NaN,NaN,NaN,NaN,NaN,NaN,NaN,NaN,NaN,NaN,NaN,NaN,NaN,NaN,NaN,NaN,NaN,NaN,NaN,NaN,NaN,0,NaN,1,NaN,0,NaN,1,NaN,1,NaN,1,NaN,1,NaN,1,NaN,1,NaN,NaN,NaN,NaN,NaN,1,NaN,0,NaN,NaN,NaN,NaN,NaN,NaN,NaN,1,NaN,1,NaN
DE LIMA PARDINI 2023,7957732,Baker 1994,1994,0,NaN,1,NaN,NaN,NaN,NaN,NaN,NaN,NaN,NaN,NaN,NaN,NaN,NaN,NaN,NaN,NaN,NaN,NaN,NaN,NaN,NaN,NaN,1,NaN,1,NaN,1,NaN,1,NaN,1,NaN,1,NaN,0,NaN,1,NaN,1,NaN,NaN,NaN,NaN,NaN,0,NaN,0,NaN,NaN,NaN,NaN,NaN,NaN,NaN,0,NaN,0,NaN
DE LIMA PARDINI 2023,7511523,Kitagawa 1994,1994,0,NaN,0,NaN,NaN,NaN,NaN,NaN,NaN,NaN,NaN,NaN,NaN,NaN,NaN,NaN,NaN,NaN,NaN,NaN,NaN,NaN,NaN,NaN,1,NaN,1,NaN,0,NaN,1,NaN,1,NaN,1,NaN,0,NaN,1,NaN,0,NaN,NaN,NaN,NaN,NaN,1,NaN,0,NaN,NaN,NaN,NaN,NaN,NaN,NaN,1,NaN,1,NaN
DE LIMA PARDINI 2023,8576869,Baker 1995,1995,0,NaN,1,NaN,NaN,NaN,NaN,NaN,NaN,NaN,NaN,NaN,NaN,NaN,NaN,NaN,NaN,NaN,NaN,NaN,NaN,NaN,NaN,NaN,1,NaN,1,NaN,1,NaN,1,NaN,1,NaN,1,NaN,0,NaN,0,NaN,0,NaN,NaN,NaN,NaN,NaN,0,NaN,0,NaN,NaN,NaN,NaN,NaN,NaN,NaN,1,NaN,0,NaN
DE LIMA PARDINI 2023,7537205,Yamada 1995,1995,0,NaN,0,NaN,NaN,NaN,NaN,NaN,NaN,NaN,NaN,NaN,NaN,NaN,NaN,NaN,NaN,NaN,NaN,NaN,NaN,NaN,NaN,NaN,1,NaN,1,NaN,0,NaN,1,NaN,1,NaN,1,NaN,0,NaN,0,NaN,0,NaN,NaN,NaN,NaN,NaN,0,NaN,0,NaN,NaN,NaN,NaN,NaN,NaN,NaN,0,NaN,0,NaN
DE LIMA PARDINI 2023,9183254,Edgley 1997,1997,1,NaN,0,NaN,NaN,NaN,NaN,NaN,NaN,NaN,NaN,NaN,NaN,NaN,NaN,NaN,NaN,NaN,NaN,NaN,NaN,NaN,NaN,NaN,1,NaN,1,NaN,1,NaN,1,NaN,1,NaN,1,NaN,0,NaN,1,NaN,0,NaN,NaN,NaN,NaN,NaN,0,NaN,0,NaN,NaN,NaN,NaN,NaN,NaN,NaN,0,NaN,0,NaN
DE LIMA PARDINI 2023,9307107,Maier 1997,1997,0,NaN,1,NaN,NaN,NaN,NaN,NaN,NaN,NaN,NaN,NaN,NaN,NaN,NaN,NaN,NaN,NaN,NaN,NaN,NaN,NaN,NaN,NaN,1,NaN,1,NaN,1,NaN,1,NaN,1,NaN,1,NaN,0,NaN,1,NaN,0,NaN,NaN,NaN,NaN,NaN,1,NaN,1,NaN,NaN,NaN,NaN,NaN,NaN,NaN,0,NaN,0,NaN
DE LIMA PARDINI 2023,8987754,Olivier 1997,1997,1,NaN,0,NaN,NaN,NaN,NaN,NaN,NaN,NaN,NaN,NaN,NaN,NaN,NaN,NaN,NaN,NaN,NaN,NaN,NaN,NaN,NaN,NaN,1,NaN,1,NaN,0,NaN,1,NaN,1,NaN,1,NaN,0,NaN,1,NaN,0,NaN,NaN,NaN,NaN,NaN,1,NaN,0,NaN,NaN,NaN,NaN,NaN,NaN,NaN,0,NaN,0,NaN
DE LIMA PARDINI 2023,10596378,Ghaly 1999,1999,1,NaN,0,NaN,NaN,NaN,NaN,NaN,NaN,NaN,NaN,NaN,NaN,NaN,NaN,NaN,NaN,NaN,NaN,NaN,NaN,NaN,NaN,NaN,1,NaN,1,NaN,0,NaN,1,NaN,1,NaN,0,NaN,0,NaN,1,NaN,0,NaN,NaN,NaN,NaN,NaN,1,NaN,0,NaN,NaN,NaN,NaN,NaN,NaN,NaN,1,NaN,0,NaN
DE LIMA PARDINI 2023,10406007,Ghaly 1999,1999,1,NaN,0,NaN,NaN,NaN,NaN,NaN,NaN,NaN,NaN,NaN,NaN,NaN,NaN,NaN,NaN,NaN,NaN,NaN,NaN,NaN,NaN,NaN,1,NaN,1,NaN,0,NaN,1,NaN,1,NaN,1,NaN,0,NaN,1,NaN,0,NaN,NaN,NaN,NaN,NaN,1,NaN,0,NaN,NaN,NaN,NaN,NaN,NaN,NaN,1,NaN,0,NaN
DE LIMA PARDINI 2023,11760882,Ghaly 2001,2001,1,NaN,0,NaN,NaN,NaN,NaN,NaN,NaN,NaN,NaN,NaN,NaN,NaN,NaN,NaN,NaN,NaN,NaN,NaN,NaN,NaN,NaN,NaN,1,NaN,1,NaN,0,NaN,1,NaN,1,NaN,0,NaN,0,NaN,1,NaN,0,NaN,NaN,NaN,NaN,NaN,0,NaN,0,NaN,NaN,NaN,NaN,NaN,NaN,NaN,0,NaN,0,NaN
DE LIMA PARDINI 2023,11177122,Lisanby 2001,2001,1,NaN,1,NaN,NaN,NaN,NaN,NaN,NaN,NaN,NaN,NaN,NaN,NaN,NaN,NaN,NaN,NaN,NaN,NaN,NaN,NaN,NaN,NaN,1,NaN,0,NaN,0,NaN,1,NaN,1,NaN,1,NaN,0,NaN,0,NaN,0,NaN,NaN,NaN,NaN,NaN,0,NaN,0,NaN,NaN,NaN,NaN,NaN,NaN,NaN,0,NaN,0,NaN
DE LIMA PARDINI 2023,NaN,Lisanby 2001,2001,0,NaN,0,NaN,NaN,NaN,NaN,NaN,NaN,NaN,NaN,NaN,NaN,NaN,NaN,NaN,NaN,NaN,NaN,NaN,NaN,NaN,NaN,NaN,1,NaN,1,NaN,0,NaN,1,NaN,1,NaN,1,NaN,0,NaN,1,NaN,0,NaN,NaN,NaN,NaN,NaN,0,NaN,0,NaN,NaN,NaN,NaN,NaN,NaN,NaN,0,NaN,0,NaN
DE LIMA PARDINI 2023,11600621,Olivier 2001,2001,0,NaN,1,NaN,NaN,NaN,NaN,NaN,NaN,NaN,NaN,NaN,NaN,NaN,NaN,NaN,NaN,NaN,NaN,NaN,NaN,NaN,NaN,NaN,1,NaN,0,NaN,1,NaN,1,NaN,1,NaN,1,NaN,0,NaN,0,NaN,0,NaN,NaN,NaN,NaN,NaN,0,NaN,1,NaN,NaN,NaN,NaN,NaN,NaN,NaN,0,NaN,0,NaN
DE LIMA PARDINI 2023,11955991,Olivier 2002,2002,1,NaN,0,NaN,NaN,NaN,NaN,NaN,NaN,NaN,NaN,NaN,NaN,NaN,NaN,NaN,NaN,NaN,NaN,NaN,NaN,NaN,NaN,NaN,1,NaN,1,NaN,0,NaN,1,NaN,1,NaN,1,NaN,0,NaN,1,NaN,0,NaN,NaN,NaN,NaN,NaN,0,NaN,0,NaN,NaN,NaN,NaN,NaN,NaN,NaN,0,NaN,0,NaN
DE LIMA PARDINI 2023,14677385,Lisanby 2003,2003,0,NaN,1,NaN,NaN,NaN,NaN,NaN,NaN,NaN,NaN,NaN,NaN,NaN,NaN,NaN,NaN,NaN,NaN,NaN,NaN,NaN,NaN,NaN,1,NaN,0,NaN,0,NaN,1,NaN,1,NaN,0,NaN,0,NaN,0,NaN,0,NaN,NaN,NaN,NaN,NaN,0,NaN,0,NaN,NaN,NaN,NaN,NaN,NaN,NaN,0,NaN,0,NaN
DE LIMA PARDINI 2023,14677384,Nonaka 2003,2003,1,NaN,1,NaN,NaN,NaN,NaN,NaN,NaN,NaN,NaN,NaN,NaN,NaN,NaN,NaN,NaN,NaN,NaN,NaN,NaN,NaN,NaN,NaN,1,NaN,1,NaN,1,NaN,1,NaN,1,NaN,1,NaN,1,NaN,0,NaN,0,NaN,NaN,NaN,NaN,NaN,0,NaN,0,NaN,NaN,NaN,NaN,NaN,NaN,NaN,0,NaN,0,NaN
DE LIMA PARDINI 2023,14992989,Dwork 2004,2004,1,NaN,1,NaN,NaN,NaN,NaN,NaN,NaN,NaN,NaN,NaN,NaN,NaN,NaN,NaN,NaN,NaN,NaN,NaN,NaN,NaN,NaN,NaN,0,NaN,0,NaN,0,NaN,0,NaN,1,NaN,0,NaN,0,NaN,0,NaN,0,NaN,NaN,NaN,NaN,NaN,0,NaN,0,NaN,NaN,NaN,NaN,NaN,NaN,NaN,0,NaN,0,NaN
DE LIMA PARDINI 2023,15236404,Hayashi 2004,2004,1,NaN,1,NaN,NaN,NaN,NaN,NaN,NaN,NaN,NaN,NaN,NaN,NaN,NaN,NaN,NaN,NaN,NaN,NaN,NaN,NaN,NaN,NaN,1,NaN,0,NaN,0,NaN,1,NaN,1,NaN,1,NaN,1,NaN,0,NaN,0,NaN,NaN,NaN,NaN,NaN,0,NaN,0,NaN,NaN,NaN,NaN,NaN,NaN,NaN,0,NaN,0,NaN
DE LIMA PARDINI 2023,NaN,Hayashi 2004,2004,1,NaN,1,NaN,NaN,NaN,NaN,NaN,NaN,NaN,NaN,NaN,NaN,NaN,NaN,NaN,NaN,NaN,NaN,NaN,NaN,NaN,NaN,NaN,1,NaN,0,NaN,0,NaN,1,NaN,1,NaN,1,NaN,0,NaN,1,NaN,0,NaN,NaN,NaN,NaN,NaN,0,NaN,0,NaN,NaN,NaN,NaN,NaN,NaN,NaN,0,NaN,0,NaN
DE LIMA PARDINI 2023,15023576,Ohnish 2004,2004,1,NaN,1,NaN,NaN,NaN,NaN,NaN,NaN,NaN,NaN,NaN,NaN,NaN,NaN,NaN,NaN,NaN,NaN,NaN,NaN,NaN,NaN,NaN,1,NaN,0,NaN,0,NaN,1,NaN,1,NaN,1,NaN,1,NaN,1,NaN,0,NaN,NaN,NaN,NaN,NaN,0,NaN,0,NaN,NaN,NaN,NaN,NaN,NaN,NaN,0,NaN,0,NaN
DE LIMA PARDINI 2023,16045810,Moscrip 2006,2006,1,NaN,1,NaN,NaN,NaN,NaN,NaN,NaN,NaN,NaN,NaN,NaN,NaN,NaN,NaN,NaN,NaN,NaN,NaN,NaN,NaN,NaN,NaN,1,NaN,0,NaN,0,NaN,1,NaN,1,NaN,1,NaN,0,NaN,0,NaN,0,NaN,NaN,NaN,NaN,NaN,0,NaN,0,NaN,NaN,NaN,NaN,NaN,NaN,NaN,0,NaN,0,NaN
DE LIMA PARDINI 2023,18751564,Cycowicz 2008,2008,1,NaN,1,NaN,NaN,NaN,NaN,NaN,NaN,NaN,NaN,NaN,NaN,NaN,NaN,NaN,NaN,NaN,NaN,NaN,NaN,NaN,NaN,NaN,1,NaN,0,NaN,0,NaN,1,NaN,1,NaN,1,NaN,0,NaN,0,NaN,0,NaN,NaN,NaN,NaN,NaN,0,NaN,0,NaN,NaN,NaN,NaN,NaN,NaN,NaN,0,NaN,0,NaN
DE LIMA PARDINI 2023,18232369,Peterchev 2008,2008,0,NaN,1,NaN,NaN,NaN,NaN,NaN,NaN,NaN,NaN,NaN,NaN,NaN,NaN,NaN,NaN,NaN,NaN,NaN,NaN,NaN,NaN,NaN,1,NaN,0,NaN,1,NaN,1,NaN,1,NaN,0,NaN,1,NaN,0,NaN,0,NaN,NaN,NaN,NaN,NaN,0,NaN,0,NaN,NaN,NaN,NaN,NaN,NaN,NaN,1,NaN,1,NaN
DE LIMA PARDINI 2023,18389019,Pigarev 2008,2008,0,NaN,0,NaN,NaN,NaN,NaN,NaN,NaN,NaN,NaN,NaN,NaN,NaN,NaN,NaN,NaN,NaN,NaN,NaN,NaN,NaN,NaN,NaN,1,NaN,1,NaN,0,NaN,1,NaN,1,NaN,1,NaN,0,NaN,0,NaN,0,NaN,NaN,NaN,NaN,NaN,0,NaN,0,NaN,NaN,NaN,NaN,NaN,NaN,NaN,0,NaN,0,NaN
DE LIMA PARDINI 2023,18262171,Spellman 2008,2008,1,NaN,1,NaN,NaN,NaN,NaN,NaN,NaN,NaN,NaN,NaN,NaN,NaN,NaN,NaN,NaN,NaN,NaN,NaN,NaN,NaN,NaN,NaN,1,NaN,0,NaN,0,NaN,1,NaN,1,NaN,1,NaN,0,NaN,0,NaN,0,NaN,NaN,NaN,NaN,NaN,0,NaN,0,NaN,NaN,NaN,NaN,NaN,NaN,NaN,0,NaN,0,NaN
DE LIMA PARDINI 2023,19300292,Cycowicz 2009,2009,1,NaN,1,NaN,NaN,NaN,NaN,NaN,NaN,NaN,NaN,NaN,NaN,NaN,NaN,NaN,NaN,NaN,NaN,NaN,NaN,NaN,NaN,NaN,1,NaN,0,NaN,0,NaN,1,NaN,1,NaN,0,NaN,0,NaN,0,NaN,0,NaN,NaN,NaN,NaN,NaN,0,NaN,0,NaN,NaN,NaN,NaN,NaN,NaN,NaN,0,NaN,0,NaN
DE LIMA PARDINI 2023,19782728,Dwork 2009,2009,1,NaN,1,NaN,NaN,NaN,NaN,NaN,NaN,NaN,NaN,NaN,NaN,NaN,NaN,NaN,NaN,NaN,NaN,NaN,NaN,NaN,NaN,NaN,1,NaN,0,NaN,0,NaN,1,NaN,1,NaN,1,NaN,0,NaN,0,NaN,0,NaN,NaN,NaN,NaN,NaN,0,NaN,0,NaN,NaN,NaN,NaN,NaN,NaN,NaN,0,NaN,0,NaN
DE LIMA PARDINI 2023,19348798,Rowny 2009,2009,1,NaN,1,NaN,NaN,NaN,NaN,NaN,NaN,NaN,NaN,NaN,NaN,NaN,NaN,NaN,NaN,NaN,NaN,NaN,NaN,NaN,NaN,NaN,1,NaN,0,NaN,0,NaN,1,NaN,1,NaN,1,NaN,0,NaN,0,NaN,0,NaN,NaN,NaN,NaN,NaN,0,NaN,0,NaN,NaN,NaN,NaN,NaN,NaN,NaN,0,NaN,0,NaN
DE LIMA PARDINI 2023,19390979,Sloan 2009,2009,1,NaN,1,NaN,NaN,NaN,NaN,NaN,NaN,NaN,NaN,NaN,NaN,NaN,NaN,NaN,NaN,NaN,NaN,NaN,NaN,NaN,NaN,NaN,0,NaN,1,NaN,0,NaN,1,NaN,1,NaN,0,NaN,1,NaN,1,NaN,0,NaN,NaN,NaN,NaN,NaN,1,NaN,0,NaN,NaN,NaN,NaN,NaN,NaN,NaN,1,NaN,0,NaN
DE LIMA PARDINI 2023,19597748,Sloan 2009,2009,1,NaN,1,NaN,NaN,NaN,NaN,NaN,NaN,NaN,NaN,NaN,NaN,NaN,NaN,NaN,NaN,NaN,NaN,NaN,NaN,NaN,NaN,NaN,0,NaN,1,NaN,0,NaN,1,NaN,1,NaN,0,NaN,0,NaN,1,NaN,0,NaN,NaN,NaN,NaN,NaN,0,NaN,0,NaN,NaN,NaN,NaN,NaN,NaN,NaN,1,NaN,0,NaN
DE LIMA PARDINI 2023,20570557,Arnaya 2010,2010,1,NaN,0,NaN,NaN,NaN,NaN,NaN,NaN,NaN,NaN,NaN,NaN,NaN,NaN,NaN,NaN,NaN,NaN,NaN,NaN,NaN,NaN,NaN,1,NaN,1,NaN,1,NaN,1,NaN,1,NaN,1,NaN,1,NaN,1,NaN,0,NaN,NaN,NaN,NaN,NaN,1,NaN,0,NaN,NaN,NaN,NaN,NaN,NaN,NaN,1,NaN,0,NaN
DE LIMA PARDINI 2023,20542059,Erez 2010,2010,0,NaN,1,NaN,NaN,NaN,NaN,NaN,NaN,NaN,NaN,NaN,NaN,NaN,NaN,NaN,NaN,NaN,NaN,NaN,NaN,NaN,NaN,NaN,0,NaN,0,NaN,0,NaN,1,NaN,1,NaN,0,NaN,1,NaN,0,NaN,0,NaN,NaN,NaN,NaN,NaN,0,NaN,0,NaN,NaN,NaN,NaN,NaN,NaN,NaN,0,NaN,0,NaN
DE LIMA PARDINI 2023,19864272,Washburn 2010,2010,1,NaN,1,NaN,NaN,NaN,NaN,NaN,NaN,NaN,NaN,NaN,NaN,NaN,NaN,NaN,NaN,NaN,NaN,NaN,NaN,NaN,NaN,NaN,0,NaN,0,NaN,0,NaN,1,NaN,0,NaN,1,NaN,0,NaN,1,NaN,0,NaN,NaN,NaN,NaN,NaN,0,NaN,0,NaN,NaN,NaN,NaN,NaN,NaN,NaN,0,NaN,0,NaN
DE LIMA PARDINI 2023,21544509,Gerits 2011,2011,0,NaN,1,NaN,NaN,NaN,NaN,NaN,NaN,NaN,NaN,NaN,NaN,NaN,NaN,NaN,NaN,NaN,NaN,NaN,NaN,NaN,NaN,NaN,1,NaN,1,NaN,0,NaN,1,NaN,1,NaN,1,NaN,0,NaN,1,NaN,0,NaN,NaN,NaN,NaN,NaN,1,NaN,0,NaN,NaN,NaN,NaN,NaN,NaN,NaN,0,NaN,0,NaN
DE LIMA PARDINI 2023,21093503,HernandezNaNLain 2011,2011,1,NaN,1,NaN,NaN,NaN,NaN,NaN,NaN,NaN,NaN,NaN,NaN,NaN,NaN,NaN,NaN,NaN,NaN,NaN,NaN,NaN,NaN,NaN,1,NaN,1,NaN,1,NaN,1,NaN,1,NaN,0,NaN,0,NaN,1,NaN,0,NaN,NaN,NaN,NaN,NaN,1,NaN,0,NaN,NaN,NaN,NaN,NaN,NaN,NaN,1,NaN,1,NaN
DE LIMA PARDINI 2023,21664276,Salinas 2011,2011,1,NaN,1,NaN,NaN,NaN,NaN,NaN,NaN,NaN,NaN,NaN,NaN,NaN,NaN,NaN,NaN,NaN,NaN,NaN,NaN,NaN,NaN,NaN,1,NaN,1,NaN,1,NaN,1,NaN,1,NaN,1,NaN,0,NaN,1,NaN,0,NaN,NaN,NaN,NaN,NaN,1,NaN,0,NaN,NaN,NaN,NaN,NaN,NaN,NaN,0,NaN,0,NaN
DE LIMA PARDINI 2023,20974177,Tischler 2011,2011,0,NaN,1,NaN,NaN,NaN,NaN,NaN,NaN,NaN,NaN,NaN,NaN,NaN,NaN,NaN,NaN,NaN,NaN,NaN,NaN,NaN,NaN,NaN,1,NaN,1,NaN,0,NaN,1,NaN,1,NaN,0,NaN,0,NaN,0,NaN,0,NaN,NaN,NaN,NaN,NaN,0,NaN,0,NaN,NaN,NaN,NaN,NaN,NaN,NaN,0,NaN,0,NaN
DE LIMA PARDINI 2023,22674723,Fisher 2012,2012,0,NaN,1,NaN,NaN,NaN,NaN,NaN,NaN,NaN,NaN,NaN,NaN,NaN,NaN,NaN,NaN,NaN,NaN,NaN,NaN,NaN,NaN,NaN,1,NaN,1,NaN,1,NaN,1,NaN,0,NaN,1,NaN,0,NaN,0,NaN,0,NaN,NaN,NaN,NaN,NaN,0,NaN,0,NaN,NaN,NaN,NaN,NaN,NaN,NaN,0,NaN,0,NaN
DE LIMA PARDINI 2023,22885186,Tischler 2012,2012,0,NaN,1,NaN,NaN,NaN,NaN,NaN,NaN,NaN,NaN,NaN,NaN,NaN,NaN,NaN,NaN,NaN,NaN,NaN,NaN,NaN,NaN,NaN,1,NaN,1,NaN,0,NaN,1,NaN,1,NaN,1,NaN,0,NaN,0,NaN,0,NaN,NaN,NaN,NaN,NaN,1,NaN,0,NaN,NaN,NaN,NaN,NaN,NaN,NaN,0,NaN,0,NaN
DE LIMA PARDINI 2023,22701691,ValeroNaNCabre 2012,2012,0,NaN,0,NaN,NaN,NaN,NaN,NaN,NaN,NaN,NaN,NaN,NaN,NaN,NaN,NaN,NaN,NaN,NaN,NaN,NaN,NaN,NaN,NaN,1,NaN,1,NaN,0,NaN,1,NaN,1,NaN,1,NaN,1,NaN,1,NaN,0,NaN,NaN,NaN,NaN,NaN,1,NaN,0,NaN,NaN,NaN,NaN,NaN,NaN,NaN,0,NaN,0,NaN
DE LIMA PARDINI 2023,23540281,Salinas 2013,2013,1,NaN,1,NaN,NaN,NaN,NaN,NaN,NaN,NaN,NaN,NaN,NaN,NaN,NaN,NaN,NaN,NaN,NaN,NaN,NaN,NaN,NaN,NaN,1,NaN,1,NaN,1,NaN,1,NaN,1,NaN,1,NaN,0,NaN,1,NaN,0,NaN,NaN,NaN,NaN,NaN,1,NaN,0,NaN,NaN,NaN,NaN,NaN,NaN,NaN,0,NaN,0,NaN
DE LIMA PARDINI 2023,25355232,Gu 2014,2014,0,NaN,1,NaN,NaN,NaN,NaN,NaN,NaN,NaN,NaN,NaN,NaN,NaN,NaN,NaN,NaN,NaN,NaN,NaN,NaN,NaN,NaN,NaN,1,NaN,1,NaN,1,NaN,1,NaN,1,NaN,1,NaN,1,NaN,1,NaN,0,NaN,NaN,NaN,NaN,NaN,0,NaN,0,NaN,NaN,NaN,NaN,NaN,NaN,NaN,0,NaN,0,NaN
DE LIMA PARDINI 2023,24974797,Mueller 2014,2014,1,NaN,1,NaN,NaN,NaN,NaN,NaN,NaN,NaN,NaN,NaN,NaN,NaN,NaN,NaN,NaN,NaN,NaN,NaN,NaN,NaN,NaN,NaN,1,NaN,1,NaN,1,NaN,1,NaN,1,NaN,1,NaN,1,NaN,1,NaN,1,NaN,NaN,NaN,NaN,NaN,0,NaN,0,NaN,NaN,NaN,NaN,NaN,NaN,NaN,0,NaN,0,NaN
DE LIMA PARDINI 2023,NaN,Ortuno 2014,2014,0,NaN,1,NaN,NaN,NaN,NaN,NaN,NaN,NaN,NaN,NaN,NaN,NaN,NaN,NaN,NaN,NaN,NaN,NaN,NaN,NaN,NaN,NaN,0,NaN,0,NaN,0,NaN,1,NaN,0,NaN,0,NaN,0,NaN,0,NaN,0,NaN,NaN,NaN,NaN,NaN,0,NaN,0,NaN,NaN,NaN,NaN,NaN,NaN,NaN,0,NaN,0,NaN
DE LIMA PARDINI 2023,25383621,Papazachariadis 2014,2014,0,NaN,0,NaN,NaN,NaN,NaN,NaN,NaN,NaN,NaN,NaN,NaN,NaN,NaN,NaN,NaN,NaN,NaN,NaN,NaN,NaN,NaN,NaN,1,NaN,1,NaN,1,NaN,0,NaN,1,NaN,1,NaN,1,NaN,1,NaN,0,NaN,NaN,NaN,NaN,NaN,1,NaN,0,NaN,NaN,NaN,NaN,NaN,NaN,NaN,0,NaN,1,NaN
DE LIMA PARDINI 2023,25920013,Peterchev 2015,2015,1,NaN,1,NaN,NaN,NaN,NaN,NaN,NaN,NaN,NaN,NaN,NaN,NaN,NaN,NaN,NaN,NaN,NaN,NaN,NaN,NaN,NaN,NaN,1,NaN,1,NaN,1,NaN,1,NaN,1,NaN,0,NaN,0,NaN,0,NaN,0,NaN,NaN,NaN,NaN,NaN,0,NaN,0,NaN,NaN,NaN,NaN,NaN,NaN,NaN,0,NaN,0,NaN
DE LIMA PARDINI 2023,26964725,Salinas 2016,2016,0,NaN,1,NaN,NaN,NaN,NaN,NaN,NaN,NaN,NaN,NaN,NaN,NaN,NaN,NaN,NaN,NaN,NaN,NaN,NaN,NaN,NaN,NaN,1,NaN,1,NaN,1,NaN,1,NaN,1,NaN,1,NaN,0,NaN,1,NaN,0,NaN,NaN,NaN,NaN,NaN,1,NaN,0,NaN,NaN,NaN,NaN,NaN,NaN,NaN,0,NaN,0,NaN
DE LIMA PARDINI 2023,28334353,Aguila 2017,2017,0,NaN,1,NaN,NaN,NaN,NaN,NaN,NaN,NaN,NaN,NaN,NaN,NaN,NaN,NaN,NaN,NaN,NaN,NaN,NaN,NaN,NaN,NaN,1,NaN,0,NaN,0,NaN,1,NaN,1,NaN,1,NaN,1,NaN,0,NaN,0,NaN,NaN,NaN,NaN,NaN,0,NaN,0,NaN,NaN,NaN,NaN,NaN,NaN,NaN,0,NaN,0,NaN
DE LIMA PARDINI 2023,28179165,Balan 2017,2017,0,NaN,1,NaN,NaN,NaN,NaN,NaN,NaN,NaN,NaN,NaN,NaN,NaN,NaN,NaN,NaN,NaN,NaN,NaN,NaN,NaN,NaN,NaN,1,NaN,0,NaN,0,NaN,1,NaN,1,NaN,1,NaN,0,NaN,1,NaN,0,NaN,NaN,NaN,NaN,NaN,1,NaN,0,NaN,NaN,NaN,NaN,NaN,NaN,NaN,0,NaN,0,NaN
DE LIMA PARDINI 2023,NaN,Lee 2017,2017,1,NaN,1,NaN,NaN,NaN,NaN,NaN,NaN,NaN,NaN,NaN,NaN,NaN,NaN,NaN,NaN,NaN,NaN,NaN,NaN,NaN,NaN,NaN,0,NaN,0,NaN,1,NaN,1,NaN,1,NaN,0,NaN,0,NaN,0,NaN,0,NaN,NaN,NaN,NaN,NaN,1,NaN,0,NaN,NaN,NaN,NaN,NaN,NaN,NaN,1,NaN,0,NaN
DE LIMA PARDINI 2023,29240021,Cycowicz 2018,2018,0,NaN,1,NaN,NaN,NaN,NaN,NaN,NaN,NaN,NaN,NaN,NaN,NaN,NaN,NaN,NaN,NaN,NaN,NaN,NaN,NaN,NaN,NaN,1,NaN,0,NaN,0,NaN,1,NaN,1,NaN,1,NaN,0,NaN,0,NaN,0,NaN,NaN,NaN,NaN,NaN,0,NaN,0,NaN,NaN,NaN,NaN,NaN,NaN,NaN,0,NaN,0,NaN
DE LIMA PARDINI 2023,31201331,Romero 2019,2019,0,NaN,1,NaN,NaN,NaN,NaN,NaN,NaN,NaN,NaN,NaN,NaN,NaN,NaN,NaN,NaN,NaN,NaN,NaN,NaN,NaN,NaN,NaN,1,NaN,1,NaN,1,NaN,1,NaN,1,NaN,1,NaN,1,NaN,1,NaN,0,NaN,NaN,NaN,NaN,NaN,1,NaN,0,NaN,NaN,NaN,NaN,NaN,NaN,NaN,0,NaN,0,NaN
DE LIMA PARDINI 2023,NaN,Roux 2019,2019,1,NaN,1,NaN,NaN,NaN,NaN,NaN,NaN,NaN,NaN,NaN,NaN,NaN,NaN,NaN,NaN,NaN,NaN,NaN,NaN,NaN,NaN,NaN,1,NaN,0,NaN,0,NaN,1,NaN,1,NaN,1,NaN,0,NaN,1,NaN,0,NaN,NaN,NaN,NaN,NaN,1,NaN,0,NaN,NaN,NaN,NaN,NaN,NaN,NaN,0,NaN,0,NaN
DE LIMA PARDINI 2023,33099045,Hanlon 2021,2021,1,NaN,1,NaN,NaN,NaN,NaN,NaN,NaN,NaN,NaN,NaN,NaN,NaN,NaN,NaN,NaN,NaN,NaN,NaN,NaN,NaN,NaN,NaN,1,NaN,1,NaN,0,NaN,1,NaN,1,NaN,1,NaN,1,NaN,1,NaN,0,NaN,NaN,NaN,NaN,NaN,1,NaN,0,NaN,NaN,NaN,NaN,NaN,NaN,NaN,1,NaN,0,NaN
DE LIMA PARDINI 2023,33705847,Honda 2021,2021,1,NaN,1,NaN,NaN,NaN,NaN,NaN,NaN,NaN,NaN,NaN,NaN,NaN,NaN,NaN,NaN,NaN,NaN,NaN,NaN,NaN,NaN,NaN,1,NaN,1,NaN,0,NaN,1,NaN,1,NaN,1,NaN,0,NaN,1,NaN,0,NaN,NaN,NaN,NaN,NaN,1,NaN,0,NaN,NaN,NaN,NaN,NaN,NaN,NaN,1,NaN,0,NaN
DE LIMA PARDINI 2023,33731766,Kadono 2021,2021,1,NaN,1,NaN,NaN,NaN,NaN,NaN,NaN,NaN,NaN,NaN,NaN,NaN,NaN,NaN,NaN,NaN,NaN,NaN,NaN,NaN,NaN,NaN,1,NaN,0,NaN,0,NaN,1,NaN,1,NaN,1,NaN,0,NaN,1,NaN,0,NaN,NaN,NaN,NaN,NaN,0,NaN,0,NaN,NaN,NaN,NaN,NaN,NaN,NaN,0,NaN,0,NaN
DE LIMA PARDINI 2023,34542538,Liao 2021,2021,1,NaN,1,NaN,NaN,NaN,NaN,NaN,NaN,NaN,NaN,NaN,NaN,NaN,NaN,NaN,NaN,NaN,NaN,NaN,NaN,NaN,NaN,NaN,1,NaN,0,NaN,0,NaN,1,NaN,0,NaN,1,NaN,0,NaN,1,NaN,0,NaN,NaN,NaN,NaN,NaN,0,NaN,0,NaN,NaN,NaN,NaN,NaN,NaN,NaN,0,NaN,0,NaN
DE LIMA PARDINI 2023,33627702,Merken 2021,2021,1,NaN,1,NaN,NaN,NaN,NaN,NaN,NaN,NaN,NaN,NaN,NaN,NaN,NaN,NaN,NaN,NaN,NaN,NaN,NaN,NaN,NaN,NaN,1,NaN,1,NaN,1,NaN,1,NaN,1,NaN,1,NaN,0,NaN,1,NaN,0,NaN,NaN,NaN,NaN,NaN,1,NaN,0,NaN,NaN,NaN,NaN,NaN,NaN,NaN,0,NaN,0,NaN
DE LIMA PARDINI 2023,34077429,Yarnanaka 2021,2021,1,NaN,1,NaN,NaN,NaN,NaN,NaN,NaN,NaN,NaN,NaN,NaN,NaN,NaN,NaN,NaN,NaN,NaN,NaN,NaN,NaN,NaN,NaN,1,NaN,1,NaN,0,NaN,1,NaN,1,NaN,1,NaN,1,NaN,1,NaN,0,NaN,NaN,NaN,NaN,NaN,1,NaN,0,NaN,NaN,NaN,NaN,NaN,NaN,NaN,0,NaN,0,NaN
DE LIMA PARDINI 2023,36097816,Romero 2022,2022,1,NaN,1,NaN,NaN,NaN,NaN,NaN,NaN,NaN,NaN,NaN,NaN,NaN,NaN,NaN,NaN,NaN,NaN,NaN,NaN,NaN,NaN,NaN,1,NaN,1,NaN,1,NaN,1,NaN,1,NaN,1,NaN,1,NaN,1,NaN,0,NaN,NaN,NaN,NaN,NaN,1,NaN,0,NaN,NaN,NaN,NaN,NaN,NaN,NaN,0,NaN,0,NaN
LANYI 2024,23738224,AhlgrénNaNRimpiläinen_2013,2013,1,NaN,1,NaN,1,NaN,1,NaN,1,NaN,0,NaN,1,NaN,0,NaN,1,NaN,1,NaN,1,NaN,1,NaN,1,NaN,1,NaN,1,NaN,1,NaN,1,NaN,1,NaN,1,NaN,1,NaN,1,NaN,NaN,NaN,NaN,NaN,1,NaN,1,NaN,NaN,NaN,NaN,NaN,NaN,NaN,NaN,NaN,NaN,NaN
LANYI 2024,30093350,Bagewadi_2019,2019,1,NaN,1,NaN,1,NaN,1,NaN,1,NaN,1,NaN,1,NaN,0,NaN,0,NaN,1,NaN,1,NaN,0,NaN,1,NaN,0,NaN,0,NaN,1,NaN,1,NaN,1,NaN,0,NaN,1,NaN,1,NaN,NaN,NaN,1,NaN,1,NaN,1,NaN,1,NaN,1,NaN,1,NaN,1,NaN,1,NaN
LANYI 2024,15048615,Bajbouj_2004,2004,1,NaN,1,NaN,1,NaN,1,NaN,1,NaN,0,NaN,1,NaN,0,NaN,1,NaN,1,NaN,0,NaN,1,NaN,1,NaN,1,NaN,1,NaN,1,NaN,1,NaN,1,NaN,1,NaN,1,NaN,0,NaN,NaN,NaN,NaN,NaN,1,NaN,1,NaN,NaN,NaN,NaN,NaN,NaN,NaN,1,NaN,1,NaN
LANYI 2024,26796540,Bridgman_2016,2016,1,NaN,1,NaN,1,NaN,1,NaN,1,NaN,1,NaN,1,NaN,1,NaN,1,NaN,1,NaN,1,NaN,0,NaN,1,NaN,1,NaN,1,NaN,1,NaN,1,NaN,1,NaN,1,NaN,1,NaN,0,NaN,NaN,NaN,NaN,NaN,1,NaN,1,NaN,1,NaN,1,NaN,1,NaN,1,NaN,1,NaN
LANYI 2024,32585356,Carment_2020,2020,1,NaN,1,NaN,1,NaN,1,NaN,1,NaN,0,NaN,0,NaN,0,NaN,1,NaN,1,NaN,1,NaN,1,NaN,1,NaN,1,NaN,0,NaN,1,NaN,1,NaN,1,NaN,1,NaN,1,NaN,0,NaN,NaN,NaN,NaN,NaN,1,NaN,0,NaN,1,NaN,1,NaN,1,NaN,1,NaN,1,NaN
LANYI 2024,11926935,Daskalakis_2002,2002,1,NaN,1,NaN,1,NaN,1,NaN,1,NaN,1,NaN,1,NaN,1,NaN,1,NaN,1,NaN,1,NaN,1,NaN,1,NaN,1,NaN,1,NaN,1,NaN,1,NaN,1,NaN,1,NaN,1,NaN,1,NaN,NaN,NaN,NaN,NaN,1,NaN,1,NaN,1,NaN,1,NaN,1,NaN,1,NaN,1,NaN
LANYI 2024,18308816,Daskalakis_2008,2008,1,NaN,1,NaN,1,NaN,1,NaN,1,NaN,1,NaN,1,NaN,0,NaN,1,NaN,1,NaN,1,NaN,0,NaN,1,NaN,1,NaN,1,NaN,1,NaN,1,NaN,1,NaN,1,NaN,1,NaN,1,NaN,NaN,NaN,NaN,NaN,1,NaN,1,NaN,1,NaN,1,NaN,1,NaN,1,NaN,1,NaN
LANYI 2024,27867023,Du_2016,2017,1,NaN,1,NaN,0,NaN,1,NaN,1,NaN,1,NaN,1,NaN,0,NaN,1,NaN,1,NaN,0,NaN,0,NaN,1,NaN,1,NaN,1,NaN,1,NaN,1,NaN,1,NaN,1,NaN,1,NaN,1,NaN,NaN,NaN,NaN,NaN,1,NaN,1,NaN,1,NaN,1,NaN,1,NaN,1,NaN,1,NaN
LANYI 2024,NaN,Du_2018,2018,1,NaN,1,NaN,0,NaN,1,NaN,1,NaN,1,NaN,1,NaN,0,NaN,1,NaN,1,NaN,0,NaN,0,NaN,1,NaN,1,NaN,1,NaN,1,NaN,1,NaN,1,NaN,1,NaN,1,NaN,1,NaN,NaN,NaN,NaN,NaN,1,NaN,1,NaN,1,NaN,1,NaN,1,NaN,1,NaN,1,NaN
LANYI 2024,30032068,Du_2018,2018,1,NaN,1,NaN,0,NaN,1,NaN,1,NaN,1,NaN,1,NaN,0,NaN,1,NaN,1,NaN,0,NaN,0,NaN,1,NaN,0,NaN,0,NaN,1,NaN,1,NaN,1,NaN,1,NaN,1,NaN,0,NaN,NaN,NaN,NaN,NaN,1,NaN,1,NaN,1,NaN,1,NaN,1,NaN,1,NaN,1,NaN
LANYI 2024,14984885,Eichammer_2004,2004,1,NaN,1,NaN,1,NaN,1,NaN,1,NaN,1,NaN,0,NaN,1,NaN,1,NaN,1,NaN,1,NaN,1,NaN,1,NaN,1,NaN,1,NaN,1,NaN,1,NaN,1,NaN,1,NaN,1,NaN,0,NaN,NaN,NaN,NaN,NaN,1,NaN,1,NaN,1,NaN,1,NaN,1,NaN,1,NaN,1,NaN
LANYI 2024,12107621,Fitzgerald_2002,2002,1,NaN,1,NaN,1,NaN,1,NaN,1,NaN,1,NaN,1,NaN,0,NaN,1,NaN,1,NaN,0,NaN,0,NaN,1,NaN,1,NaN,1,NaN,1,NaN,1,NaN,1,NaN,1,NaN,1,NaN,1,NaN,NaN,NaN,NaN,NaN,1,NaN,1,NaN,1,NaN,1,NaN,1,NaN,1,NaN,1,NaN
LANYI 2024,11864806,Fitzgerald_2002,2002,1,NaN,1,NaN,1,NaN,1,NaN,1,NaN,1,NaN,1,NaN,0,NaN,1,NaN,1,NaN,1,NaN,0,NaN,1,NaN,1,NaN,1,NaN,1,NaN,1,NaN,1,NaN,1,NaN,1,NaN,1,NaN,NaN,NaN,NaN,NaN,1,NaN,1,NaN,1,NaN,1,NaN,1,NaN,1,NaN,1,NaN
LANYI 2024,12834814,Fitzgerald_2003,2003,1,NaN,1,NaN,1,NaN,1,NaN,1,NaN,1,NaN,1,NaN,0,NaN,1,NaN,1,NaN,0,NaN,0,NaN,1,NaN,1,NaN,1,NaN,1,NaN,1,NaN,1,NaN,1,NaN,1,NaN,1,NaN,NaN,NaN,NaN,NaN,1,NaN,1,NaN,1,NaN,1,NaN,0,NaN,1,NaN,1,NaN
LANYI 2024,15374568,Fitzgerald_2004,2004,1,NaN,1,NaN,1,NaN,1,NaN,1,NaN,1,NaN,1,NaN,0,NaN,1,NaN,1,NaN,0,NaN,0,NaN,1,NaN,1,NaN,1,NaN,1,NaN,1,NaN,1,NaN,1,NaN,1,NaN,1,NaN,NaN,NaN,NaN,NaN,1,NaN,1,NaN,1,NaN,1,NaN,1,NaN,1,NaN,1,NaN
LANYI 2024,24794881,Frank_2014,2014,1,NaN,1,NaN,0,NaN,1,NaN,1,NaN,1,NaN,1,NaN,1,NaN,1,NaN,1,NaN,1,NaN,1,NaN,1,NaN,1,NaN,1,NaN,1,NaN,1,NaN,1,NaN,1,NaN,1,NaN,1,NaN,NaN,NaN,NaN,NaN,1,NaN,1,NaN,NaN,NaN,NaN,NaN,NaN,NaN,1,NaN,1,NaN
LANYI 2024,27964871,Goodman_2017,2017,1,NaN,1,NaN,0,NaN,1,NaN,1,NaN,1,NaN,1,NaN,1,NaN,1,NaN,1,NaN,1,NaN,0,NaN,1,NaN,1,NaN,1,NaN,1,NaN,1,NaN,1,NaN,1,NaN,1,NaN,0,NaN,NaN,NaN,NaN,NaN,1,NaN,1,NaN,1,NaN,1,NaN,1,NaN,1,NaN,1,NaN
LANYI 2024,33991855,Hare_2021,2021,1,NaN,1,NaN,0,NaN,1,NaN,1,NaN,1,NaN,1,NaN,1,NaN,1,NaN,1,NaN,0,NaN,0,NaN,1,NaN,0,NaN,0,NaN,1,NaN,1,NaN,1,NaN,1,NaN,1,NaN,1,NaN,NaN,NaN,NaN,NaN,1,NaN,1,NaN,1,NaN,1,NaN,1,NaN,1,NaN,1,NaN
LANYI 2024,21945231,Hasan_2012,2012,1,NaN,1,NaN,1,NaN,1,NaN,1,NaN,0,NaN,1,NaN,0,NaN,1,NaN,1,NaN,1,NaN,0,NaN,1,NaN,1,NaN,1,NaN,1,NaN,1,NaN,0,NaN,1,NaN,0,NaN,1,NaN,NaN,NaN,NaN,NaN,1,NaN,1,NaN,NaN,NaN,NaN,NaN,NaN,NaN,1,NaN,1,NaN
LANYI 2024,22502988,Hasan_2012,2012,1,NaN,1,NaN,1,NaN,1,NaN,1,NaN,0,NaN,1,NaN,0,NaN,1,NaN,1,NaN,1,NaN,0,NaN,1,NaN,1,NaN,1,NaN,0,NaN,1,NaN,1,NaN,0,NaN,0,NaN,0,NaN,NaN,NaN,NaN,NaN,1,NaN,1,NaN,1,NaN,1,NaN,1,NaN,1,NaN,1,NaN
LANYI 2024,23295893,Hasan_2013,2013,1,NaN,1,NaN,1,NaN,1,NaN,1,NaN,0,NaN,1,NaN,0,NaN,1,NaN,1,NaN,1,NaN,0,NaN,1,NaN,1,NaN,1,NaN,1,NaN,1,NaN,1,NaN,0,NaN,0,NaN,0,NaN,NaN,NaN,NaN,NaN,1,NaN,1,NaN,1,NaN,1,NaN,1,NaN,1,NaN,1,NaN
LANYI 2024,24109457,Hasan_2013,2013,1,NaN,1,NaN,1,NaN,1,NaN,1,NaN,0,NaN,1,NaN,1,NaN,1,NaN,1,NaN,1,NaN,0,NaN,1,NaN,1,NaN,1,NaN,1,NaN,1,NaN,1,NaN,1,NaN,1,NaN,1,NaN,NaN,NaN,NaN,NaN,1,NaN,1,NaN,1,NaN,1,NaN,1,NaN,1,NaN,1,NaN
LANYI 2024,25957485,Kaster_2015,2015,1,NaN,1,NaN,0,NaN,1,NaN,1,NaN,0,NaN,1,NaN,0,NaN,1,NaN,1,NaN,1,NaN,0,NaN,1,NaN,1,NaN,1,NaN,1,NaN,1,NaN,1,NaN,1,NaN,1,NaN,1,NaN,NaN,NaN,NaN,NaN,1,NaN,1,NaN,1,NaN,1,NaN,1,NaN,1,NaN,1,NaN
LANYI 2024,27770667,Lindberg_2016,2016,1,NaN,1,NaN,1,NaN,1,NaN,1,NaN,1,NaN,1,NaN,0,NaN,1,NaN,0,NaN,0,NaN,0,NaN,1,NaN,0,NaN,0,NaN,1,NaN,1,NaN,1,NaN,1,NaN,1,NaN,1,NaN,NaN,NaN,1,NaN,1,NaN,1,NaN,1,NaN,NaN,NaN,0,NaN,1,NaN,1,NaN
LANYI 2024,18950746,Liu_2009,2009,1,NaN,1,NaN,1,NaN,1,NaN,1,NaN,1,NaN,1,NaN,0,NaN,1,NaN,1,NaN,1,NaN,0,NaN,1,NaN,1,NaN,1,NaN,1,NaN,1,NaN,1,NaN,1,NaN,1,NaN,0,NaN,NaN,NaN,NaN,NaN,1,NaN,0,NaN,1,NaN,1,NaN,1,NaN,1,NaN,1,NaN
LANYI 2024,25048423,Mehta_2014,2014,1,NaN,1,NaN,1,NaN,1,NaN,1,NaN,1,NaN,0,NaN,0,NaN,1,NaN,1,NaN,1,NaN,0,NaN,1,NaN,1,NaN,1,NaN,1,NaN,1,NaN,1,NaN,0,NaN,1,NaN,1,NaN,NaN,NaN,1,NaN,1,NaN,1,NaN,1,NaN,1,NaN,1,NaN,1,NaN,1,NaN
LANYI 2024,34571321,Mehta_2021,2021,1,NaN,1,NaN,1,NaN,1,NaN,1,NaN,1,NaN,1,NaN,1,NaN,1,NaN,1,NaN,1,NaN,0,NaN,1,NaN,1,NaN,1,NaN,0,NaN,1,NaN,1,NaN,0,NaN,0,NaN,1,NaN,NaN,NaN,NaN,NaN,1,NaN,1,NaN,1,NaN,1,NaN,1,NaN,1,NaN,1,NaN
LANYI 2024,34092820,Miyazawa_2021,2021,1,NaN,1,NaN,1,NaN,1,NaN,1,NaN,1,NaN,1,NaN,0,NaN,0,NaN,1,NaN,0,NaN,0,NaN,1,NaN,0,NaN,0,NaN,0,NaN,1,NaN,1,NaN,1,NaN,0,NaN,0,NaN,NaN,NaN,NaN,NaN,1,NaN,0,NaN,NaN,NaN,NaN,NaN,NaN,NaN,0,NaN,0,NaN
LANYI 2024,15522245,Oxley_2004,2004,1,NaN,1,NaN,0,NaN,1,NaN,1,NaN,0,NaN,0,NaN,0,NaN,1,NaN,0,NaN,0,NaN,0,NaN,1,NaN,1,NaN,1,NaN,0,NaN,1,NaN,1,NaN,1,NaN,0,NaN,1,NaN,NaN,NaN,NaN,NaN,1,NaN,1,NaN,1,NaN,1,NaN,1,NaN,1,NaN,1,NaN
LANYI 2024,12079727,Pascual_2002,2002,1,NaN,1,NaN,1,NaN,1,NaN,1,NaN,1,NaN,0,NaN,1,NaN,1,NaN,0,NaN,0,NaN,0,NaN,1,NaN,1,NaN,1,NaN,1,NaN,1,NaN,1,NaN,1,NaN,1,NaN,0,NaN,NaN,NaN,NaN,NaN,1,NaN,0,NaN,1,NaN,1,NaN,1,NaN,1,NaN,1,NaN
LANYI 2024,30001538,Roeh_2018,2018,1,NaN,1,NaN,1,NaN,1,NaN,1,NaN,0,NaN,1,NaN,0,NaN,0,NaN,0,NaN,0,NaN,0,NaN,1,NaN,1,NaN,1,NaN,1,NaN,1,NaN,1,NaN,0,NaN,1,NaN,0,NaN,NaN,NaN,NaN,NaN,1,NaN,1,NaN,1,NaN,1,NaN,1,NaN,1,NaN,1,NaN
LANYI 2024,29776859,Schecklmann_2018,2018,1,NaN,1,NaN,0,NaN,1,NaN,1,NaN,0,NaN,0,NaN,0,NaN,0,NaN,0,NaN,0,NaN,0,NaN,1,NaN,1,NaN,0,NaN,1,NaN,1,NaN,1,NaN,1,NaN,1,NaN,0,NaN,NaN,NaN,NaN,NaN,1,NaN,0,NaN,1,NaN,1,NaN,1,NaN,1,NaN,1,NaN
LANYI 2024,20202691,Soubasi_2010,2010,1,NaN,1,NaN,1,NaN,1,NaN,1,NaN,1,NaN,1,NaN,0,NaN,1,NaN,1,NaN,1,NaN,0,NaN,1,NaN,1,NaN,1,NaN,1,NaN,1,NaN,1,NaN,1,NaN,1,NaN,0,NaN,NaN,NaN,NaN,NaN,1,NaN,0,NaN,NaN,NaN,NaN,NaN,NaN,NaN,1,NaN,1,NaN
LANYI 2024,23523695,Takahashi_2013,2013,1,NaN,1,NaN,1,NaN,1,NaN,1,NaN,0,NaN,1,NaN,1,NaN,1,NaN,0,NaN,0,NaN,0,NaN,1,NaN,1,NaN,1,NaN,1,NaN,1,NaN,1,NaN,1,NaN,1,NaN,1,NaN,NaN,NaN,1,NaN,1,NaN,1,NaN,NaN,NaN,NaN,NaN,NaN,NaN,1,NaN,1,NaN
LANYI 2024,25458861,Tang _2014,2014,1,NaN,1,NaN,1,NaN,1,NaN,1,NaN,1,NaN,0,NaN,0,NaN,1,NaN,1,NaN,1,NaN,0,NaN,1,NaN,0,NaN,0,NaN,1,NaN,1,NaN,1,NaN,0,NaN,1,NaN,0,NaN,NaN,NaN,1,NaN,1,NaN,1,NaN,1,NaN,1,NaN,1,NaN,1,NaN,1,NaN
LANYI 2024,19724982,Wobrock_2009,2009,1,NaN,1,NaN,1,NaN,1,NaN,1,NaN,0,NaN,1,NaN,1,NaN,1,NaN,1,NaN,1,NaN,0,NaN,1,NaN,0,NaN,0,NaN,1,NaN,1,NaN,1,NaN,0,NaN,1,NaN,0,NaN,NaN,NaN,NaN,NaN,1,NaN,1,NaN,1,NaN,1,NaN,1,NaN,1,NaN,1,NaN
LANZA 2024,10102429,Tergau et al. [36],1999,1,0,1,0,0,0,1,1,0,0,1,1,NaN,0,0,0,1,1,0,0,0,0,NaN,0,1,NaN,1,0,1,0,1,0,1,NaN,1,1,0,NaN,1,1,1,1,NaN,NaN,NaN,0,1,1,1,0,1,1,1,1,1,NaN,1,1,0,NaN
LANZA 2024,10522873,EntezariNaNTaher et al. [33],1999,1,0,0,0,0,0,0,0,NaN,1,1,1,NaN,0,0,0,1,1,1,0,0,0,NaN,0,1,NaN,0,0,0,0,0,0,1,NaN,1,1,1,NaN,0,0,1,0,NaN,NaN,NaN,0,1,0,0,0,NaN,NaN,NaN,NaN,NaN,NaN,0,0,0,NaN
LANZA 2024,12948792,Quatrale et al. 2003 [27],2003,1,0,0,0,1,1,NaN,NaN,0,0,0,0,NaN,0,0,0,1,1,1,0,0,0,NaN,0,1,NaN,0,0,1,0,0,0,1,NaN,1,1,1,NaN,0,0,0,0,NaN,NaN,NaN,0,1,0,1,0,1,1,1,1,1,NaN,1,1,1,NaN
LANZA 2024,14677414,StiasnyKolster et al. 2003 [37],2003,1,0,1,0,0,0,1,1,NaN,NaN,0,0,NaN,0,0,0,0,0,1,0,0,0,NaN,0,1,NaN,1,0,1,0,0,0,1,NaN,1,1,0,NaN,1,0,0,0,0,0,NaN,0,1,0,1,0,NaN,NaN,NaN,NaN,NaN,NaN,0,0,0,NaN
LANZA 2024,15222998,Scalise et al. 2004 [38],2004,0,0,0,0,1,1,0,0,0,0,0,0,NaN,0,0,0,0,0,0,0,0,0,NaN,0,0,NaN,0,0,0,0,1,0,1,NaN,1,1,0,NaN,0,0,1,1,NaN,NaN,NaN,0,0,0,1,0,NaN,NaN,NaN,NaN,NaN,NaN,1,1,0,NaN
LANZA 2024,16796215,Scalise et al. 2006 [26],2006,0.5,NaN,0.5,NaN,1,1,1,1,1,1,0,0,NaN,0,0,0,1,1,1,0,NaN,1,NaN,0,1,NaN,1,0,0,0,1,0,1,NaN,1,1,1,NaN,1,1,0,0,0,0,NaN,0,1,1,1,0,1,1,1,1,1,NaN,1,1,1,NaN
LANZA 2024,16175624,Kutukcu et al. 2006 [34],2006,1,0,1,0,0,0,0,1,0,0,0,0,NaN,0,0,0,0,0,0,0,NaN,0,NaN,0,1,NaN,0,0,0,0,0,0,1,NaN,0,0,0,NaN,1,1,0,0,NaN,NaN,NaN,0,1,1,0,0,NaN,NaN,NaN,NaN,NaN,NaN,0,0,0,NaN
LANZA 2024,16942543,Nardone et al. 2006 [31],2006,1,0,1,0,0,0,NaN,NaN,NaN,NaN,1,0,NaN,1,0,0,1,1,1,0,NaN,1,NaN,0,1,NaN,0,0,1,0,0,0,1,NaN,1,1,0,NaN,1,1,0,0,1,1,NaN,0,1,1,1,0,1,1,1,1,1,NaN,1,1,0,NaN
LANZA 2024,18090527,Gorsler & Liepert et al. 2007 [28],2007,1,0,0,0,0,0,1,1,NaN,NaN,1,0,NaN,1,0,0,0,0,1,0,NaN,1,NaN,0,1,NaN,0,0,1,0,1,0,1,NaN,1,1,1,NaN,1,1,0,0,1,1,NaN,0,1,1,1,0,NaN,NaN,NaN,NaN,NaN,NaN,0,0,0,NaN
LANZA 2024,19117337,Rizzo et al. 2009 [24],2009,1,0,1,0,1,1,NaN,NaN,0,0,0,0,NaN,0,0,0,1,1,0,0,0,0,NaN,0,1,NaN,1,0,1,0,0,0,1,NaN,0,0,0,NaN,0,0,0,0,NaN,NaN,NaN,0,1,0,1,0,NaN,NaN,NaN,NaN,NaN,NaN,1,1,1,NaN
LANZA 2024,20635185,Rizzo et al. 2010 [25],2010,1,0,1,0,1,1,NaN,NaN,NaN,NaN,0,0,NaN,0,0,0,1,1,1,0,0,0,NaN,0,1,NaN,1,0,1,0,0,0,1,NaN,1,1,0,NaN,0,0,0,1,NaN,NaN,NaN,0,1,0,1,1,1,1,1,1,1,NaN,1,1,0,NaN
LANZA 2024,19595629,Scalise et al. 2010 [35],2010,1,0,1,0,1,1,NaN,NaN,NaN,NaN,0,0,NaN,0,0,0,1,1,1,0,0,1,NaN,0,1,NaN,1,0,0,0,1,0,1,NaN,1,1,1,NaN,1,1,1,1,0,0,NaN,0,0,0,1,0,1,1,1,1,1,NaN,1,1,1,NaN
LANZA 2024,23213521,AhlgrénNaNRimpiläinen et al. 2012 [40],2012,1,0,1,0,1,1,1,1,0,0,0,0,NaN,0,0,0,0,0,1,0,NaN,0,NaN,0,1,NaN,1,0,0,0,0,0,1,NaN,0,0,1,NaN,1,1,0,0,NaN,NaN,NaN,0,0,0,1,1,NaN,NaN,NaN,NaN,NaN,NaN,0,0,0,NaN
LANZA 2024,22305328,Gündüz et al. 2012 [30],2012,1,0,1,0,0,0,NaN,NaN,NaN,NaN,1,0,NaN,1,0,0,1,1,1,0,NaN,0,NaN,0,1,NaN,0,0,0,0,0,0,1,NaN,1,1,1,NaN,0,0,1,0,0,0,NaN,1,1,0,1,0,NaN,NaN,NaN,NaN,NaN,NaN,1,1,1,NaN
LANZA 2024,24849846,Lanza et al. 2015 [20],2015,1,0,1,1,1,1,NaN,NaN,NaN,NaN,0,0,NaN,1,0,0,1,1,1,0,NaN,1,NaN,0,1,NaN,0,0,0,0,0,0,1,NaN,1,1,0,NaN,1,1,1,0,NaN,NaN,NaN,1,1,1,1,1,1,1,1,1,1,NaN,1,1,1,NaN
LANZA 2024,28215259,Bocquillon et al. 2017 [29],2017,1,0,1,0,0,0,1,1,1,1,1,0,NaN,0,0,0,1,1,1,0,NaN,0,NaN,0,1,NaN,1,0,0,0,1,0,1,NaN,1,1,0,NaN,0,0,0,0,0,0,NaN,0,1,0,1,0,1,1,1,1,1,NaN,1,1,1,NaN
LANZA 2024,28320166,De Paiva et al. 2017 [21],2017,1,0,1,1,1,1,1,1,1,1,0,0,NaN,1,0,0,1,1,1,0,NaN,0,NaN,0,1,NaN,1,0,1,0,0,0,1,NaN,1,1,1,NaN,1,1,0,0,NaN,NaN,NaN,0,1,1,1,1,NaN,NaN,NaN,NaN,NaN,NaN,1,1,1,NaN
LANZA 2024,29511386,Lanza Cantone et al. 2018 [18],2018,1,1,1,1,1,1,1,1,NaN,NaN,0,0,NaN,1,0,0,1,1,1,0,NaN,1,NaN,0,1,NaN,1,0,0,0,0,0,1,NaN,1,1,0,NaN,1,1,0,0,NaN,NaN,NaN,1,1,1,1,1,NaN,NaN,NaN,NaN,NaN,NaN,1,1,1,NaN
LANZA 2024,30050496,Lin et al. 2018 [19],2018,1,0,1,1,1,1,NaN,NaN,NaN,NaN,0,0,NaN,1,0,0,0,0,1,0,NaN,1,NaN,0,0,NaN,1,0,0,0,1,0,1,NaN,1,1,0,NaN,1,0,0,0,NaN,NaN,NaN,0,1,0,1,1,1,1,1,1,1,NaN,1,1,1,NaN
LANZA 2024,30170992,Salas et al. 2018 [17],2019,1,NaN,1,1,0,0,1,1,NaN,NaN,0,0,NaN,1,0,0,1,1,0,0,0,1,NaN,0,1,NaN,0,1,0,1,1,1,1,NaN,1,1,0,NaN,1,1,0,0,NaN,NaN,NaN,0,1,1,1,1,1,1,1,1,1,NaN,1,1,0,NaN
LANZA 2024,31539846,Magalhães et al. 2019 [23],2019,1,0,1,1,1,1,1,1,NaN,NaN,0,0,NaN,1,0,0,1,1,1,0,NaN,0,NaN,0,1,NaN,1,0,1,0,0,0,1,NaN,1,1,1,NaN,1,1,1,1,NaN,NaN,NaN,0,1,1,1,1,1,1,1,1,1,NaN,1,1,0,NaN
CAVALERI 2017,23077645,Bastani et al. [22],2012,1,0,1,0,1,0,0,0,0,0,0,0,0,0,0,0,1,0,1,0,1,0,0,0,1,0,1,0,1,0,1,0,1,0,1,0,0,0,1,0,0,0,1,0,0,0,1,0,1,0,0,0,0,0,0,0,1,0,0,0
CAVALERI 2017,17588673,Christie et al. [23],2007,1,0,1,0,1,0,0,0,0,0,0,0,0,0,0,0,1,0,1,0,1,0,0,0,1,0,1,0,0,0,1,0,1,0,1,0,0,0,1,0,0,0,1,0,0,0,1,0,1,0,0,0,0,0,0,0,1,0,0,0
CAVALERI 2017,19118575, Doeltgen et al. [25],2009,1,0,1,0,1,0,1,0,1,0,1,0,1,0,1,0,1,0,1,0,1,0,0,0,1,0,1,0,0,0,1,0,1,0,1,0,0,0,1,0,0,0,1,0,0,0,1,0,1,0,0,0,0,0,0,0,1,0,0,0
CAVALERI 2017,24103535,Lewis et al. [24],2014,1,0,1,0,1,0,0,0,1,0,1,0,1,0,0,0,1,0,1,0,1,0,0,0,1,0,1,0,1,0,1,0,1,0,1,0,1,0,1,0,1,0,1,0,1,0,1,0,1,0,0,0,0,0,0,0,1,0,0,0
